0,1,2,3,4,5,6,7,8,9,10
0.10816363997277689,0.2712064088940572,0.026603509951163007,0.04966010902841789,0.0906948693870665,0.9090909090909092,0.3934227945351632,0.15774974922918808,0.027252672144788798,0.0500387462558837,0.0422925366290889
0.04371600612522697,0.3466706411901515,0.16448878958147362,0.04800459330579171,0.12261847202873055,0.1818181818181818,0.3148503373482338,0.1435254100719425,0.0587546109839816,0.0061448170731707025,0.024551256450351402
0.08264432962794932,0.22897136398267703,0.017217674736123678,0.05287887261429208,0.10772402892332911,0.1818181818181818,0.2000179839539798,0.09324551593011308,0.0467784688995215,0.014088591142490302,0.031916625237644505
0.1138717150635209,0.2363155926698211,0.09663906527332888,0.006176981119191516,0.09251737993203024,0.8181818181818182,0.03128770843432288,0.1761466896197329,0.08862657478676919,0.0216749400941378,0.027171334190139493
0.06149676156987305,0.3815594644718902,0.11305685973848667,0.05229446891324391,0.09578782221793736,0.3636363636363636,0.508048800330611,0.1724240647482015,0.08802032556688161,0.011646210954214802,0.0306918302344676
0.04561505671506344,0.49510086213810245,0.313538534894712,0.11409678718972999,0.24238265169080964,0.0,0.5877562978251616,0.47128406269270284,0.138569671312669,0.0089349625588361,0.0509399252834956
0.10693604015426506,0.18878315823241643,0.00513121882056411,0.04198090011039418,0.09785822979584946,0.1818181818181818,0.0588661560791342,0.1800842929085304,0.11673136883711249,0.0083624582798459,0.017950665467388993
0.0404237658802179,0.322083973253669,0.06871523079346753,0.07675034085606658,0.09771969717274454,0.6363636363636364,0.3080742009587783,0.1747253956834533,0.05900454545454539,0.014049437312794202,0.040098374451873
0.05933487182395658,0.309241093912904,0.08108784015123682,0.05143242002116838,0.08238683183494422,0.1818181818181818,0.31758488228989085,0.1742653689619734,0.0937838381526939,0.008260486735130499,0.030399730977931902
0.12197873865698738,0.18806807983799823,0.07782840833902227,0.0038149481602877122,0.0397468522740968,0.6363636363636364,0.030934302453459406,0.1764013083247688,0.10308245059288529,0.021905020325203202,0.012161121889138302
0.14801015199637035,0.43232288375170413,0.03493249277949895,0.03481865205367207,0.11597725941815906,0.3636363636363636,0.4541283420377767,0.1752279989722508,0.11113829727480751,0.0167859296106119,0.0420489501616077
0.10062503402903822,0.0829261889485925,0.15563542299007527,0.019317341550297518,0.00031101311190917524,0.6363636363636364,0.09286231404712561,0.17873214080164448,0.0857630965258997,0.012940077021822802,0.005223443683187501
0.029642765426497353,0.24860816023738863,0.11135939925431926,0.04178182878668901,0.1055315581479428,0.6363636363636364,0.030550879373883677,0.1801334522096609,0.03820695548158928,0.0125452353444587,0.008755833965274906
0.1451088418784029,0.3082087456893094,0.042880967284566585,0.06140968964457638,0.1161343191207308,0.1818181818181818,0.2229444670420802,0.16361129907502578,0.0870789619305179,0.0082482787762088,0.028031914648060305
0.08448480036297645,0.4503622614082925,0.00463651735545878,0.018644930975223906,0.11550969355732854,0.3636363636363636,0.5525246888051565,0.1802234450154163,0.10010695860203858,0.016195283483098,0.0421763880917749
0.05369604469147016,0.2725846569492341,0.038749228587932616,0.04154730387972738,0.11155849637253246,0.6363636363636364,0.13545123173267481,0.1807028982528264,0.0583962096941959,0.0017488660676080008,0.0193540375577137
0.036067619101633475,0.2391992160558184,0.14787209788373668,0.003174821605380851,0.07900313109498902,0.7272727272727273,0.2660969917248613,0.09446168859198359,0.040492281048470885,0.0172121341463414,0.052164904318089594
0.01682111388384755,0.3366563778169861,0.14280800714173192,0.024784854382191246,0.10369361411458455,0.9090909090909092,0.24789847126250614,0.16952045015416248,0.0897046837944663,0.0165876519041506,0.008998904780990705
0.12502546960072614,0.018024612037853882,0.010012168250800868,0.021244312426735856,0.01939205432765312,0.8181818181818182,0.09895898388411009,0.1806465878725592,0.04426769918868309,0.0165987655113393,0.0038576037152519005
0.018274462341197895,0.4268449805517683,0.16997959670220042,0.1133654665574107,0.11333777569958303,0.8181818181818182,0.43275757538669807,0.1798638859198356,0.1142327667984189,0.020563500213949502,0.04220560336149
0.07729852200544463,0.37435337236346133,0.0770020490468939,0.09811803065997471,0.0922290825520018,0.9090909090909092,0.505290637895125,0.16253037512846868,0.09098839088828789,0.0168927385537013,0.0316063462613209
0.009750998185118043,0.04539183374769429,0.13706911516042652,0.020497847883733322,0.022032012412928736,0.6363636363636364,0.06833989259366618,0.1810148581706064,0.09621365820678168,0.020153176080445,0.003741538788666801
0.02009720394736836,0.5251996421124387,0.1305474757128604,0.0702917756381804,0.19302115370339124,0.6363636363636364,0.5684007279967223,0.18098947276464544,0.0736111285625129,0.015719048994437303,0.0452554522286682
0.03535367059891115,0.3380636097521854,0.15141312503282056,0.03423472065735711,0.1563750754657861,0.6363636363636364,0.11238667922745588,0.1803369095580679,0.1439412460994383,0.005112615532734201,0.007203001330370301
0.016328145417423,0.015082746210602238,0.1708314698314342,0.07582268883653709,0.07152638976596204,0.6363636363636364,0.1400073969954527,0.18096809558067833,0.1048971749531932,0.011950844030808701,0.006724592154641593
0.06089898366606172,0.3566566274360413,0.06076811216720057,0.11179695676420048,0.14743028913687972,0.8181818181818182,0.26546283043921565,0.1720843915724564,0.11398362596213849,0.007089436243046601,0.03241691301410719
0.11171631919237757,0.2529455068570053,0.11502709867142769,0.038579517907746996,0.12540735100870115,0.3636363636363636,0.3756017051784361,0.181003964028777,0.061202575410859106,0.0008665992725717005,0.04956195937635059
0.07593451338475499,0.04657356744726915,0.028978574804390145,0.0582678576712532,0.009836981440863868,0.0,0.10054662906836881,0.17582465878725598,0.09053223528188051,0.012456975823705602,0.004042734804706599
0.11139537772232311,0.04433055678081643,0.029185962295856793,0.006972084514095145,0.056722251199113005,0.6363636363636364,0.03047791745250661,0.1796944439876671,0.0585200530476388,0.0091192222935387,0.0092289702081111
0.05474608552631588,0.08881405485604299,0.0751192238617866,0.039905420692637694,0.08691717898720142,0.7272727272727273,0.1562382889564978,0.18013462384378218,0.1021832702309132,0.0030126433461702996,0.007572903600530104
0.06821615131578945,0.2457964812735584,0.11757162421887313,0.028105562384057703,0.06632149379353569,0.6363636363636364,0.10853079178323272,0.1745145395683454,0.0939378021635115,0.0114955530594779,0.033655767979913404
0.01623597323049003,0.150591233258481,0.012616922753767912,0.09052705395654803,0.09189340834920101,0.9090909090909092,0.1765907011612532,0.18094867112024668,0.05745863012273758,0.0076823876765083,0.0157209515440387
0.07596786070780415,0.009501038575667642,0.08601923646484289,0.01865610240477078,0.032353379859721865,0.1818181818181818,0.088842925433087,0.18093931860226106,0.1435467880174745,0.012319949721865602,0.010295501893315698
0.09515661524500907,0.06691269548480239,0.020784233576642164,0.04159495373689781,0.02488885658849338,0.8181818181818182,0.0893496106858502,0.13744932065775958,0.1363844580819637,0.0101562997432606,0.013051934117505395
0.04930570440108906,0.118189036811292,0.06362705351047615,0.010273062697030766,0.09685187991997879,0.8181818181818182,0.04478010565050872,0.1379181695786229,0.08614178801747449,0.007446357509627702,0.005965390677874105
0.13094046960072603,0.042194375050124244,0.04220214882108908,0.009896512911559574,0.02721583884885148,0.9090909090909092,0.0541533902559479,0.18101239157245633,0.06170075930934049,0.011805755241762902,0.00032690703653599773
0.04755280739564438,0.3672432151736305,0.13743626739484338,0.11150871316876648,0.16782802227096338,0.0,0.24872912571929423,0.1630774080164441,0.0889203682130226,0.008094872700042801,0.0130517731684201
0.07237809097096193,0.17056346338920525,0.17044853331933002,0.03159961191346017,0.014273805345995316,0.1818181818181818,0.053026924254210406,0.1802370606372046,0.07095682546286661,0.016760113393239198,0.008802068942158
0.04356127835753176,0.34791781217419193,0.059988670902693775,0.008054542092025496,0.1012672097664441,0.4545454545454546,0.36048613061344575,0.1275628047276465,0.032422906178489586,0.0130668624304664,0.047747234855826395
0.1311536433756807,0.331389883912102,0.018000989339914786,0.034086056198572856,0.08911879187254457,0.6363636363636364,0.4294812005783261,0.16529805755395688,0.11944370501352189,0.0531281332905435,0.0383746985654457
0.06055484686932844,0.5595352764856845,0.14084681720317183,0.0807837504410075,0.23673697042589603,0.9090909090909092,0.5597780304978022,0.18096490955806785,0.09659649677553558,0.0075090875053487015,0.049335388350823906
0.03740506238656993,0.28865765097441654,0.2489361665703934,0.0076329947534341525,0.07298974055773821,0.1818181818181818,0.11689291371670979,0.18102302877697843,0.1471995100894528,0.0161418356867779,0.006254786479022403
0.0071765188294010684,0.0058107747213088645,0.22432339337289303,0.008679679515631533,0.06078711689845495,0.1818181818181818,0.08407611337035589,0.1810105416238438,0.10908928021635109,0.014022190842961,0.007173199656524895
0.12228178652450095,0.4241543788595717,0.04358719319434956,0.02795780725414554,0.10557783017185285,0.8181818181818182,0.6233935257303824,0.1085230431654677,0.056865472228000785,0.0028062002567394023,0.03835706473025979
0.016329092558983738,0.04398194622664209,0.1464444152707033,0.0011697764803623167,0.015391054761503042,0.8181818181818182,0.023950530311280693,0.1774887533401851,0.058348256708965984,0.016011201326486903,0.01610465102713239
0.10032708711433758,0.2691804384874488,0.03289486425458166,0.030617692080075587,0.06871925464580975,0.0,0.2794376438072494,0.1802042271325797,0.011699181402121894,0.006622403722721496,0.0417105950411876
0.0932424671052633,0.28553587095998073,0.11483739431812223,0.01833340161835506,0.08672873426691419,0.1818181818181818,0.015537818969073525,0.180850201438849,0.11313374869981269,0.020168734488660703,0.018681317800429392
0.017907969600726048,0.008126619015157655,0.11515023683243197,0.022317192461333568,0.04558575253681696,0.5454545454545454,0.11690292878710651,0.1810110554984584,0.08349390680257948,0.0087781985451433,0.011346932213840297
0.042103947368421046,0.3588919851231052,0.09414077088694017,0.0782532714215804,0.0399685942056931,0.7272727272727273,0.3827431812957965,0.1806679393627956,0.0760619835656334,0.006886744758237001,0.0424746303220299
0.039395872277677046,0.009048527347822577,0.11916727406396066,0.008334470278944295,0.050183000602569305,0.6363636363636364,0.1375331163739433,0.18056132168550879,0.078316394840857,0.014881272999572101,0.007340067290015101
0.036065111161524666,0.09089902658593307,0.11686637189518467,0.027218146175469804,0.014974757718913434,0.6363636363636364,0.046238696487031494,0.1806760750256938,0.037832450592885286,0.020931044073598602,0.0029595413766479034
0.12280277336660628,0.06713262791723473,0.09998749881846336,0.0722452655718302,0.08432670384921304,0.6363636363636364,0.26407069750141027,0.02672102569373061,0.062308973372165594,0.0557185258878905,0.0442800690964585
0.05834230376588034,0.3504507608869997,0.03405988342172961,0.06379136706613409,0.1367206232013305,0.1818181818181818,0.4007915831320272,0.1805180935251799,0.03976289473684219,0.013335572314933701,0.028347487193382898
0.01565735027223225,0.03155614022776487,0.2616093168093263,0.017431295025436166,0.09942860288269173,0.4545454545454546,0.0693516064710065,0.18102202158273384,0.1356435073850634,0.001525003209242596,0.0011653458931325938
0.13089495916515437,0.4239664127035046,0.06837459538938195,0.04008231361034287,0.24036303637108625,0.6363636363636364,0.3574008222638861,0.1327346711202467,0.1639301206573746,0.0184861649550706,0.024542433417195003
0.10174678312159713,0.2354990135536129,0.003980637504594764,0.05442175959120038,0.11104421210441329,0.0,0.04327447560965908,0.18075149434737928,0.1058562627418348,0.0007602000427898992,0.021466093622690405
0.1580122765426497,0.35760182853476613,0.211370883789319,0.0789829623180488,0.1333895192942708,0.3636363636363636,0.27255481654655106,0.16344106372045228,0.137048452257125,0.0223041324347454,0.013437970498521898
0.060539706215971045,0.2794521733900071,0.1453245265977,0.03579178644997549,0.08237909267516696,0.6363636363636364,0.11913002040293241,0.17982580575539578,0.11524779072186389,0.022724112109542102,0.009926429834415704
0.12166098684210536,0.2746501624027588,0.08218168775928147,0.07994761514561777,0.101310607775555,0.7272727272727273,0.31437504469758565,0.18061401952723538,0.03779974932390259,0.008555771287976102,0.04191773500855869
0.1040669283121598,0.28526901816504924,0.07607555112114683,0.034368828456644795,0.059340922557786446,0.0909090909090909,0.38434823312421246,0.1800094892086332,0.1306166933638443,0.0096308483097989,0.0486728500971904
0.11628008960980041,0.18347959439409733,0.09744666491624221,0.03721637645532461,0.05415288307744226,0.8181818181818182,0.026000783394368676,0.1805153340184996,0.04459488142292489,0.019913612537441103,0.0155903712805614
0.13976893148820335,0.032161403280134726,0.008575455547970456,0.034936749860584704,0.0020416854587963496,0.6363636363636364,0.003799490800688421,0.1808317985611512,0.0630406396921156,0.0161839880188275,0.007556626165955704
0.005468726179673422,0.02220949254150295,0.17525284671532854,0.039035637383773136,0.05642079102894737,0.0,0.1037525891467018,0.18018697122302169,0.1004723174537133,0.013406997218656402,0.006244026286259793
0.15750677291288584,0.2789836674953885,0.002376113007404257,0.0314141998702584,0.12447466716479072,0.6363636363636364,0.1622057367748937,0.1700352826310381,0.09632681402121898,0.006239470474967902,0.0268065521833189
0.08393239450998191,0.27379988170663233,0.12288847135430347,0.0732375891973096,0.07026313061293354,0.6363636363636364,0.1933383115177657,0.1808024779033916,0.11165013625962131,0.024105713521608903,0.023003386955848193
0.025766093466424778,0.017555031478065586,0.135182628787481,0.019287359873445098,0.04655628137578627,0.4545454545454546,0.13303052245063018,0.1737139434737925,0.0714101060952777,0.0093840992725716,0.004610539279793602
0.07117474251361178,0.2700922678242039,0.07413277109699112,0.1173358371174617,0.0950995689459857,0.9090909090909092,0.2265241172583921,0.18101881500513875,0.1103848335760349,0.0110882284980744,0.018805860591497303
0.015340031760435635,0.28969311592750013,0.006775392532689328,0.017283241717595987,0.14381127566342888,0.6363636363636364,0.07284926262826841,0.10825587872559099,0.07494522259205319,0.008364363500213901,0.01760831528458069
0.07452807735934663,0.24011652598444133,0.14120034448353735,0.03463522198322466,0.07776560259345855,0.8181818181818182,0.22987397406898996,0.11022218499486129,0.1035368753900561,0.011978475609756102,0.018623230798855694
0.049110761116152535,0.3297023347902798,0.10695255999579889,0.0026326533283257403,0.09113278208681819,0.7272727272727273,0.3824237211324885,0.1250560308324769,0.04295602974828369,0.015004564612751401,0.04923973723776
0.06330700544464613,0.495655312174192,0.2525596219083128,0.13851979429137218,0.19214590893971906,0.8181818181818182,0.5374574325622561,0.12001468756423439,0.1087952600374453,0.0212933055198973,0.047594780758618394
0.0801754253629765,0.42809277508220384,0.020927666859213212,0.008068871134783273,0.07918445023982268,0.8181818181818182,0.40677481610699245,0.18102388591983556,0.1102003411691283,0.0202195047068892,0.0434640192862918
0.1598578402903813,0.287201004491138,0.14574847450506756,0.05795091672641611,0.11083318990575819,0.6363636363636364,0.1300877142455737,0.18050988591983558,0.10559304347826079,0.0242961424903722,0.011984516773265605
0.03902686252268617,0.036546595556981254,0.16973215984876344,0.03742548397009121,0.060767894140615564,0.6363636363636364,0.012480724503545981,0.18087341212744099,0.1158154992718951,0.0158907327770646,0.020201880331908895
0.07636149047186946,0.4295402357847461,0.019431335398834126,0.06511896616477175,0.12176404820554843,0.8181818181818182,0.5333457436538165,0.2208546269270298,0.11011030684418549,0.0284304278990159,0.04765200769243799
0.01054333257713247,0.11865752265618734,0.18739882056398693,0.05108645964924263,0.0032357370146303133,0.6363636363636364,0.006783792019708801,0.18101259712230217,0.0996950592885375,0.0200801636713735,0.0031018268912929026
0.024917667876588112,0.3596482827411981,0.03080584676784126,0.011467721670251674,0.1768173888500567,0.6363636363636364,0.41514869809255545,0.06037352106885929,0.0976721479092989,0.029131911638853297,0.031882230869733505
0.07259743534482777,0.3087842088379179,0.15284386073622847,0.0173250105272742,0.1656827382197691,0.6363636363636364,0.39998457829761463,0.1725825149023639,0.0587203318077803,0.012285762729995701,0.035231829343790697
0.025881103675136186,0.15522977083166245,0.02839535157275619,0.06978011767785397,0.1175923231699969,0.6363636363636364,0.0968487237120591,0.1477770359712231,0.1377518306636155,0.014294726144629802,0.007576881602064392
0.12416731397459169,0.222820202101211,0.025594672057973944,0.020977991168470544,0.12398124987346049,0.8181818181818182,0.06803843044057711,0.17250873278520049,0.1139251019346785,0.0178061253744116,0.024558164465377494
0.13611395984573516,0.0016817878338278858,0.05873484219923353,0.023508669352544143,0.083528742389549,0.4545454545454546,0.1025112896951833,0.1809552487153135,0.1285652600374454,0.0186444073598631,0.009678526280928301
0.108512629310345,0.17586965173630598,0.18262599695426152,0.057328151069229616,0.0037581154281858264,0.0,0.2173257886536613,0.1810240524152107,0.0871095132099022,0.0191792811296534,0.0113805927141373
0.04488712681488216,0.049055739233298534,0.07646220133382353,0.02707705054229681,0.052482668008387745,0.6363636363636364,0.137666909682308,0.17532315827338138,0.0725612263365924,0.0094867404792469,0.0002569306269298993
7.005671506343791e-05,0.3069068740476381,0.2388814976631834,0.07329426178201137,0.06927333548651449,0.8181818181818182,0.11178020973695968,0.18069491469681398,0.1488945579363428,0.0234660430038511,0.021156134850996697
0.06816252835753189,0.032704593391611136,0.12629823452187172,0.004194355104874425,0.02739362156234182,0.6363636363636364,0.2140287401295457,0.1809030236382323,0.0679549032660702,0.015586940522036801,0.004249845668267999
0.08147474251361164,0.1531182382308124,0.13301329097306092,0.04087666814617552,0.06291367509460333,0.6363636363636364,0.0965352003017593,0.1789852261048305,0.050280278760141406,0.0223437762088147,0.020511324016350793
0.10709660617059902,0.2642959198813055,0.09707810639079961,0.03914936096600541,0.18908980756345062,0.1818181818181818,0.0519149492310228,0.17653201027749238,0.124522499479925,0.009783681001283701,0.029567142175246405
0.00867329514519044,0.07802848664688422,0.24900676048941872,0.026218734564739887,0.015164133481163633,0.5454545454545454,0.035938367768826696,0.1806533473792395,0.1318029769086748,0.009546323277706402,0.007042621588378095
0.07360069986388373,0.47926354960301554,0.20136720789791535,0.06996458795679839,0.14134482069946253,0.8181818181818182,0.5750325329145165,0.180734264131552,0.1261903286873309,0.0222677610183996,0.0469637151389362
0.038264091424682456,0.06867533884032406,0.09768606522081613,0.003743857762299796,0.07679878362939574,0.6363636363636364,0.0828613069175903,0.18077319938335049,0.06828311004784679,0.009839434103551502,0.018893579975575392
0.05769027336660626,0.13545498636618813,0.01570543191723983,0.04011116403200288,0.08184467294945652,0.1818181818181818,0.07700648571942831,0.1808761171634122,0.09056362804243809,0.0210119212665811,0.0214959610937262
0.12469217672413802,0.3520589151094714,0.11666741584834306,0.05028855030898971,0.15145243958639643,1.0,0.45030516446608065,0.17788937307297029,0.10469719367588928,0.046402186563970896,0.0631269392138083
0.04526396324863885,0.3229241609190792,0.1581929884997113,0.0948005235184996,0.09949690125093402,0.1818181818181818,0.4554507520133129,0.1669459136690648,0.1516599563137091,0.0207200149764655,0.0353020402146908
0.10202628970054445,0.060231015919480324,0.1968806175497556,0.09022177324820468,0.11251641630311648,0.8181818181818182,0.052137090018535115,0.1604087975334018,0.17680200852922828,0.03664965447154481,0.04722116888175509
0.11601949863883865,0.03894906969283818,0.09497528015543755,0.0494600014795088,0.00048441917134656176,0.8181818181818182,0.24634327691436725,0.1709019321685509,0.1558790638651965,0.0117073919554985,0.0008950569939152053
0.09269542876588033,0.06428273017082364,0.08826352990600228,0.04916170803600911,0.04335823312203235,0.8181818181818182,0.012580596090765006,0.1810247245632066,0.0594550124817973,0.0043700224646984025,0.014167907404724192
0.0910268545825772,0.22743553813457373,0.12230302158273365,0.02542713760569948,0.08355898541782159,0.3636363636363636,0.3630120628937587,0.1798935745118192,0.0586236457249843,0.0196609253316217,0.0462347814360347
0.2190840880217787,0.3628420974015558,0.14299214304468844,0.04472674838107582,0.11103729123382111,1.0,0.1132102322714203,0.18101564953751287,0.1733624453921364,0.016560560547710698,0.004632722341501902
0.037312309437386615,0.24420241599165932,0.2189446526282624,0.030723674417016678,0.0745018678685917,0.1818181818181818,0.17865389100444778,0.1805310082219939,0.018547969627626282,0.0201612334189131,0.000503723719542104
0.1325420576225046,0.2253374488732055,0.005671342750617092,0.05102320780270192,0.08351794875750196,0.6363636363636364,0.060411703831145386,0.1794379157245633,0.1565545704181402,0.0183815629011553,0.010972280816637897
0.07562800589836655,0.3959879350789958,0.06952205324791272,0.050682170211797384,0.13373662672033548,0.0,0.38699656311900493,0.33447793833504624,0.08723331495735379,0.0216515864356012,0.0534640852089296
0.11603653470961894,0.17590937124067685,0.17464188940818154,0.0027565217886122984,0.029216831593916526,0.5454545454545454,0.030982294469997396,0.18042364131551908,0.087083890160183,0.0251369736842105,0.018262733575321502
0.013186311252268768,0.4048475689710481,0.030755834689912387,0.049024731127727095,0.14962593713996486,0.6363636363636364,0.3896756802936117,0.1729493905447072,0.1688762929061784,0.005666501925545502,0.0302643840247684
0.07884074863883861,0.26089532941695404,0.06996859108333764,0.0064212161562361425,0.0565249544698595,0.3636363636363636,0.319490105105428,0.18102261767728675,0.1212126669440399,0.0192675780915704,0.0473299571659664
0.04772848570780408,0.16990777628518727,0.23201964081289722,0.033116082829731386,0.0017095071464725553,0.1818181818181818,0.06484476555543489,0.1513060853031861,0.03622252340336998,0.0130070079161318,0.012432105453639888
0.05615472323049009,0.3678271874248135,0.2442075964921494,0.04263791412020451,0.07799995242112367,0.1818181818181818,0.37779959194536944,0.0907311192189106,0.1061230653214062,0.0142295763799743,0.0003268142681426972
0.128084706215971,0.15928561432352228,0.20227384550753547,0.027034816256387484,0.021415106751187074,0.6363636363636364,0.1467501909816194,0.18101629701952726,0.07969123673809031,0.0170699358151476,0.055978119015764397
0.15415565222323058,0.1999107546715856,0.11712252586252159,0.03211966324103477,0.14901866195859148,0.6363636363636364,0.21351043538708808,0.18098361459403906,0.1531603723736218,0.017789797817715003,0.008800962119259195
0.04112253062613436,0.07254488732055497,0.19201994118573762,0.019943967018334452,0.03334172272168523,0.4545454545454546,0.04365283342305398,0.18102465621788286,0.108641961722488,0.016329592426187402,0.0024575547280205057
0.0771365959618876,0.2792575346860212,0.17369299690174872,0.07767999874810799,0.08580552112608164,0.0,0.29160353064213457,0.1564051140801645,0.07574722488038269,0.012200366923406002,0.028044382243414503
0.11275365585299468,0.36698008661480463,0.2234225563199077,0.06346305723422907,0.08559582699028656,0.0,0.3846508137523313,0.1803934028776979,0.1525466840024963,0.0079643741976894,0.005050083203024802
0.1345352257259529,0.20969818550004005,0.15258011342750633,0.04560499675646151,0.023148773819566704,0.0,0.27113347173173347,0.18087730935251808,0.1452007634699396,0.023723518399657702,0.008715702446162696
0.08891442377495473,0.07000525603496677,0.09481303471091751,0.025866301910842493,0.02479805194147855,0.6363636363636364,0.1626969079556998,0.18096840390544708,0.13314384543374239,0.0184096566110398,0.0170520838390434
0.10353430694192389,0.2471389916994145,0.1759192837263035,0.09695875470882132,0.04799429405384559,0.3636363636363636,0.49391018358362,0.18080749948612548,0.0269214385271479,0.007695154043645697,0.04608853516888049
0.1363030104355718,0.3650981975298741,0.16249611510791373,0.09276738479747809,0.1525414164236304,0.1818181818181818,0.2476471045417427,0.1806785354573485,0.1374315737466194,0.0236246758664955,0.0216647867738239
0.10351577245916521,0.3286417725960381,0.09556450349209666,0.02108511329623186,0.054254635108101024,0.6363636363636364,0.37899288231205946,0.1228406844809867,0.0451906833784064,0.006743918485237501,0.045228525183263105
0.10037976293103457,0.3152261488491458,0.07009772829911265,0.06072184893077037,0.08772913509604963,0.9090909090909092,0.1734705855474814,0.1764985847893115,0.0777749053463698,0.0172215735986307,0.032739917380305905
0.07315653244101639,0.3121597201058625,0.09678655253899082,0.12256665585487159,0.10358308939718963,0.9090909090909092,0.360064207494829,0.3393851664953751,0.0917740971499896,0.0198141377834831,0.055137822658695795
0.10921154264972777,0.1359490997674232,0.13303063592921294,0.02837817610707094,0.02089218520571723,0.7272727272727273,0.02305009867530078,0.18101043884892087,0.06822221447888491,0.007349385964912299,0.009300916770003997
0.11979835412885675,0.014192597642152527,0.026350221078611735,0.0381508660816916,0.030497120610282202,0.6363636363636364,0.1428062140906387,0.18102314182939364,0.11502265030164338,0.034837567394095006,1.735822712639612e-05
0.11972960866606175,0.1497237910016842,0.03441609725358408,0.10014228549967569,0.054602973462845594,0.9090909090909092,0.14441462636422958,0.1810231726618705,0.1563406303307676,0.0258503455284553,0.012256702375284895
0.030828746597096335,0.16194159114604223,0.289496704300793,0.054459250344270405,0.004703408951770349,0.1818181818181818,0.07219442260679398,0.18099707810894144,0.1622759850218431,0.020080394736842103,0.002650022737351307
0.026681457577132583,0.0031553492661802185,0.16491024208370542,0.0002651274084696231,0.08275195796476176,0.0909090909090909,0.0642226333984535,0.18099861973278522,0.1312535177865612,0.003947264655541301,0.002547861465865997
0.11575955421960071,0.03022247573983472,0.058203237935199215,0.04118850421660014,0.035127135722721636,0.3636363636363636,0.08493945862334659,0.1808260513874615,0.036048073642604594,0.007926933033804099,0.012391558389831706
0.013034395417422906,0.10154179966316468,0.013173568240298139,0.07324583233751014,0.038861559304876,0.8181818181818182,0.3809234003339704,0.16486880883864338,0.1145331100478468,0.016617087077449702,0.0006067189029871078
0.1518925385662433,0.3495884072499799,0.06566752612508542,0.07991774670809298,0.15499856024488423,0.0909090909090909,0.004131578486841703,0.1810012918807811,0.1669958747659662,0.023853196405648203,0.008682457804180296
0.13743934437386573,0.2577154001924773,0.07329034290815528,0.04871516268906417,0.13085846552098146,0.1818181818181818,0.16410064833499488,0.1334581932168552,0.1310972852090701,0.0030690361574668007,0.015212179944339002
0.0056042649727767735,0.17716078675114288,0.260032402457596,0.021766258663662108,0.011472303767263603,0.0909090909090909,0.13783426627771989,0.18100745837615623,0.0374569627626378,0.0192118720581942,0.0021578412500086047
0.07604071460980044,0.2393472672227122,0.05728003045738583,0.01190641594682873,0.036926066885198505,0.0,0.4301263096662378,0.1810163792394656,0.11442469107551478,0.002309860932819801,0.04294055942038259
0.2213776383847551,0.06391218822680245,0.33693814840098735,0.06074242263876084,0.0028520631974739974,0.0909090909090909,0.1473548432011964,0.18099235046248716,0.022800916371957497,0.0610502503209243,0.022381765020607902
0.13190444192377504,0.09254448632608869,0.033259689124612635,0.04047869564227746,0.03178999893947798,0.9090909090909092,0.0364071764771568,0.18102139465570402,0.1730081641356355,0.022386146769362403,0.015155074380932498
0.055225676043557326,0.2665092519448231,0.05062389959565183,0.04648607326982829,0.1003543574441419,0.8181818181818182,0.4666120745765015,0.05049188180883868,0.08530273455377568,0.017201436670945598,0.048392001344796695
0.07866790267695112,0.11660415430267057,0.09536474925169336,0.04252345249069611,0.05937964125430839,0.6363636363636364,0.03941418555052961,0.1804686978417267,0.13875256396921148,0.0192981418485237,0.0238947894772166
0.14409752949183308,0.3972104027989413,0.09067036391324912,0.07713416982484889,0.16082644474439012,0.0,0.47746700024264094,0.5495206916752312,0.1604075265238194,0.0115406279418057,0.031596189031752694
0.002231642468239703,0.3175092960542144,0.11101475187733012,0.016300849579478083,0.1919181924365495,0.6363636363636364,0.3404359787553601,0.15872814799588889,0.10458735073850631,0.0185013639281129,0.018085368310592903
0.050732800589836646,0.06265657129681612,0.1556775077456285,0.0286395250776742,0.03925982648412829,0.8181818181818182,0.04417477270734993,0.18098608119218912,0.04260518306636149,0.0179849347454001,0.0032953768849263987
0.01966803198729583,0.01738666593151006,0.11085025783752578,0.10480164168572947,0.038257483525753755,0.5454545454545454,0.05768325528121271,0.18102453237410074,0.1161035500312044,0.015042075310226801,0.0097984107689114
0.15051778584392017,0.4607003699173951,0.08142136848185677,0.05335134635301081,0.22522887936561498,0.6363636363636364,0.5152017202346764,0.09165491161356623,0.1369882723112128,0.004474497218656399,0.028270682992398502
0.06183823275862088,0.013191813697970955,0.0691984907840153,0.02671222472600643,0.04999910535322616,0.8181818181818182,0.1387410603699507,0.1810247245632066,0.09445990430622,0.016706975823705603,0.007129317885733705
0.02964914360254084,0.0030764515999679443,0.13324607362285368,0.06572841282847941,0.016928382390513086,0.6363636363636364,0.04215762005943391,0.18052680472764648,0.06017154774287509,0.0012080958493795972,0.024767114764977297
0.1551547096188749,0.2972675846098323,0.05520407078716594,0.10150845084047477,0.10089710250909878,0.1818181818181818,0.15267652831655992,0.1801232219938336,0.0904741460370293,0.023560673940949902,0.032583746651336995
0.12784422527223238,0.33759837396743914,0.03972279472772133,0.09102976430286691,0.0436752623104919,0.9090909090909092,0.4138677108497872,0.15685680678314498,0.0379465820678177,0.010592042148053,0.0407450686291667
0.1626585492286753,0.3143098494265778,0.02854375991177871,0.07169125382680641,0.15445346684663408,0.1818181818181818,0.09724706246941078,0.18079006372045228,0.137576928437695,0.011307950363714101,0.029235891834186095
0.06554490925589851,0.4537325407009383,0.03339108858898299,0.005632499117985135,0.1802378730747909,0.0909090909090909,0.574433212025647,0.1803757636176774,0.1137494976076554,0.009382404792469,0.040706951921635495
0.05679857418330325,0.010029898147405625,0.022193758336396696,0.04178066338898556,0.035843349658945756,0.5454545454545454,0.006686932483736696,0.1760726012332991,0.163323675889328,0.009601950149764601,0.011098488358162503
0.01669724364791303,0.04703161440372117,0.22886637609620342,0.032682256137116394,0.062322095037238734,0.7272727272727273,0.0029332469503808856,0.18102339876670093,0.1392431682962346,0.01300446084724,0.003204008924331994
0.06887510208711434,0.3421802500200497,0.017418347949377577,0.09679999430958158,0.12570163816915336,0.8181818181818182,0.4649889142959876,0.14278431654676269,0.08798112024131469,0.016989270432178002,0.0475914479333473
0.045385612522686136,0.11720903540781136,0.06231348737068754,0.050066623988528236,0.11223090619200271,0.0,0.1775276348422803,0.18102391983556013,0.005488573954649412,0.034215978818998696,0.0012916097605647076
0.10659061932849367,0.013448327853075592,0.16195964921493444,0.01908666052101471,0.013893889922630076,0.0,0.07425893273245188,0.1797236526207606,0.05897827647181189,0.006420372272143798,0.006597880314346202
0.03673656533575331,0.008435897024620997,0.15561111169458608,0.022198984829344348,0.05434809388030559,0.1818181818181818,0.1374196624436336,0.1808942887975335,0.015491348034116892,0.002235668592212199,0.012048106778365097
0.058733790834845645,0.2356660949153901,0.08174319907577599,0.04285283325935796,0.08018756624647505,0.6363636363636364,0.07143095094905672,0.1788054439876671,0.1351519128354482,0.0191376797175866,0.0011216334136824047
0.1959743806715064,0.22473318429705663,0.0639910549808328,0.05067280264490648,0.10588234606763236,0.8181818181818182,0.045297405371866994,0.18093716032887977,0.10765992510921568,0.004338627513906696,0.009629186667695397
0.1210611796733213,0.2494902337797738,0.02587421624744013,0.042323479804704744,0.07757416172961507,0.6363636363636364,0.11399836560075233,0.18098525899280576,0.1301316819221967,0.0220283237056055,0.014043028100857294
0.07490004990925603,0.14152683254471088,0.1869284892086332,0.10465903979878677,0.02816680469522037,0.9090909090909092,0.015895253066471493,0.1810247245632066,0.18426469523611388,0.018251649550706003,0.011129483727269698
0.014068624092558824,0.0296367842248777,0.20560475765373104,0.040207875539167215,0.08403389151341312,1.0,0.1481435106676162,0.18102125077081194,0.09698708342001239,0.0165633087291399,0.020118830164844198
0.0652831476860255,0.0545046926377416,0.08713768943968925,0.02586159991805792,0.0005388330159801225,0.8181818181818182,0.01147591926774949,0.18041505652620768,0.1607009850218431,0.0179463703465982,0.011022274450179503
0.09632175476406535,0.4031329276605982,0.0745346331985508,0.017292723661898157,0.07269854216780358,0.0,0.3140136487487805,0.1808488684480987,0.12358654982317449,0.0188994180573384,0.020497235263530603
0.03311023933756818,0.04683754511187743,0.06565520663760971,0.08881248933046526,0.05931454356576438,0.6363636363636364,0.1620912517190404,0.1808294953751285,0.011453258789265786,0.0116640340179717,0.010362325620196497
0.14519982758620698,0.07182036350148358,0.06384113007404302,0.05572310537516928,0.024116113861505473,0.5454545454545454,0.09432009865793128,0.1809700483042138,0.11386587788641558,0.0229255584082156,0.0198202181154907
0.09137207690562621,0.14509298861175712,0.08300356981568013,0.019025079381337684,0.17713805384559766,0.6363636363636364,0.4207132820486094,0.1803241264131553,0.161466913875598,0.1539134349593497,0.0212495208220823
0.016872672413793144,0.3430037202261608,0.01975316599275334,0.07021544322669482,0.053805932078382246,0.8181818181818182,0.3855161810957259,0.18096162076053443,0.1492719461202413,0.0225277610183996,0.0519348943387445
0.025096474591651652,0.03123052269628679,0.15523602058499197,0.038041245291178694,0.02029632572489093,0.0,0.04907022245072751,0.18102094244604316,0.0735391356355315,0.010108501283697002,0.0034918062740035977
0.05711617853902007,0.2405114443820675,0.058742621435698195,0.052729882094529223,0.07054243934536863,1.0,0.0567990756697454,0.1804796783144913,0.1348173309756604,0.0181428145057766,0.0052907541461952035
0.09102356737749545,0.35258939770631154,0.3129042556319908,0.06614324433518848,0.10747029974210032,0.4545454545454546,0.05809425770602439,0.1810235940390545,0.1504611836904514,0.0213092672229354,0.0298275550980905
0.06436748752268595,0.1395610874969926,0.060041183637031925,0.04889425552255111,0.11371291826749264,0.0,0.04844018767529071,0.38937638951695785,0.0625789286457249,0.0039793570817286995,0.034196576350771196
0.06392198616152456,0.16422224717298894,0.06770804285039111,0.025010054400400605,0.11859614032635157,0.0,0.11145776563488291,0.1809224635149024,0.2221828770542959,0.0671160643988019,0.013803900725901694
0.08597592672413795,0.4861857165771112,0.17962693588195144,0.011991230496090743,0.12460255166429657,0.4545454545454546,0.5323919274255491,0.18092616341212744,0.1394511982525483,0.014350559477963199,0.051462662321166794
0.15256763044464627,0.11585228967840233,0.13581705928687693,0.012009439835205415,0.044384903613005844,0.6363636363636364,0.03070000904318182,0.17984179136690648,0.0532071791137923,0.0234755059905862,0.004344660799489197
0.03929942944646092,0.3270260004811933,0.2103993982040645,0.09415982735270356,0.1100203732555618,0.8181818181818182,0.285253122596038,0.12145249948612549,0.1537688599958394,0.0175758483097989,0.011682945167544492
0.032842131352087245,0.11690490015237798,0.20724863414377992,0.023873485495123248,0.033597707006676525,0.3636363636363636,0.013923887613580821,0.176088596094553,0.006338029956313607,0.0181642094565682,0.027426538095569594
0.15114975385662432,0.11259420963990696,0.05422652628262359,0.01664513924454003,0.000316596350840026,1.0,0.13767867575849652,0.1806458520041111,0.12391656126482209,0.018014444801026902,0.0012482258280002018
0.24461617853902007,0.2383059748175475,0.12284641390537188,0.0006144690270522002,0.12926402820024596,0.0,0.08702637138216371,0.1808749003083248,0.1148776596629914,0.010847343816859301,0.0062375374539059
0.07072779378402916,0.04813434918598114,0.11734683295699222,0.05592476754640541,0.0654767464629179,0.6363636363636364,0.028477115222777405,0.1810245662898253,0.10474660079051379,0.018613503423192103,0.009451626708516
0.1849220814428313,0.2293785718582083,0.07016275901906222,0.00024779666996710414,0.05608458039480346,0.6363636363636364,0.10483921976667859,0.18101043884892087,0.11970614416475969,0.0016641976893453023,0.016053784342024993
0.03728381578947382,0.3198661390247814,0.027842585727038682,0.06252740277920038,0.10073306698160955,0.6363636363636364,0.31225061382843383,0.18099872250770813,0.022257877054295883,0.0188589826700898,0.047985575800684105
0.12038630898366609,0.13113492762049883,0.07361158010817614,0.0453120898630886,0.050884724119646174,0.0,0.14780846815918958,0.18100478622816035,0.10747617328895359,0.0012072293538725014,0.0444435998903589
0.03244811138838477,0.3389661380222952,0.24489197290342912,0.15359146903843318,0.12545236462676856,0.3636363636363636,0.04913472653220258,0.1791521109969168,0.1326040014562096,0.0212124272571673,0.004955990460975501
0.13497965857531768,0.018739227283663507,0.09996253111379494,0.0022651330988880947,0.0035233365470366262,0.1818181818181818,0.039017620891362514,0.18093592702980474,0.1330571666319949,0.0222577770646127,0.022082770670134103
0.00706006692377481,0.4665609361215815,0.11821037546605062,0.010733740198254127,0.18134021441827963,0.1818181818181818,0.5907978320339462,0.1790430986639261,0.0617260058248387,0.0105024400941378,0.0581868271390516
0.02671690449183317,0.2891877175394979,0.08483886362442883,0.1512231567596482,0.17554751442551042,0.1818181818181818,0.028491060016034686,0.1807092713257966,0.1060017152069897,0.007409888746255897,0.011102076155386803
0.028355339156080017,0.3880996852193439,0.1123756277897392,0.01544534637577244,0.16291766072935,1.0,0.4134214814816229,0.1808855426515931,0.1635566694403994,0.014888405006418502,0.026401090263834803
0.04385745689655185,0.2412911560670462,0.3051557097096047,0.053016017958960715,0.029565045072187823,0.4545454545454546,0.006302282495286415,0.1810247245632066,0.1648510775951737,0.0217110173299101,0.0037898833526835984
0.1214940778130672,0.3781862108027909,0.16815582103660154,0.1073184170393891,0.10590924331750595,0.0,0.055210497753617194,0.1791328119218911,0.1590146817141668,0.0207720164741121,0.0092137907523899
0.1842587477313975,0.09671037372684255,0.2303574856902797,0.09800383420396741,0.0235661323724361,0.0,0.4195571413179849,0.18098012024665983,0.065181614312461,0.0093732616602482,0.0458538787412352
0.05494840290381131,0.3552404162322559,0.030572457070839776,0.009337691055800179,0.17416294381643327,0.3636363636363636,0.138990144959886,0.1808317358684482,0.1110753338880798,0.0221151433461703,0.027998524236134803
0.013235706669691427,0.3855377766861816,0.14481682823084607,0.13246880228071967,0.15422994952879077,0.5454545454545454,0.14350822183062661,0.15067845323741008,0.090133651965883,0.0191911670945657,0.0074845200348994945
0.034152879990925644,0.00659800605501637,0.19779634196292611,0.0367743595434008,0.04466882147075124,0.9090909090909092,0.0902827331180325,0.18101352209660845,0.1412512356979404,0.0133907584510055,0.004969159119434199
0.047801563067150665,0.3743433475018044,0.05842136743160231,0.025792261030876173,0.11474976297331829,0.9090909090909092,0.24669296100390642,0.0669618992805756,0.0987859309340545,0.0155162697903295,0.0480021499812143
0.03694575431034475,0.38336572299302263,0.1850620038859424,0.16699049757019124,0.09658247405336362,0.2727272727272727,0.44034866139773915,0.15710079547790348,0.1501517391304347,0.0194184884467266,0.007082112447335601
0.18381763044464616,0.16043786189750575,0.2202050233681666,0.00718467627209296,0.10702801383499239,0.8181818181818182,0.04393144816341632,0.14605617574511828,0.15458537757437069,0.012679078947368402,0.0355506875461412
0.06414884641560803,0.02685658031919158,0.1609969154019849,0.06296253485381309,0.07646569611222254,0.8181818181818182,0.0759809284545559,0.1768830626927031,0.1050092386103598,0.0199399903722721,0.013110960344177705
0.06854426383847567,0.3135676237067928,0.13802259412907614,0.05966422604618349,0.10877546496661772,0.8181818181818182,0.5657252945607907,0.10080338437821171,0.0173636176409403,0.0121442051775781,0.0412696018235042
0.03919421846642479,0.2376292966557061,0.264618796408129,0.036497444433063575,0.007100924727036162,0.6363636363636364,0.041817992204991994,0.18093767420349435,0.1187392157270647,0.0236974786050492,0.01351949591448999
0.06386527109800366,0.3642307683053973,0.23599935619387713,0.06163415673688649,0.09803767904745841,0.5454545454545454,0.3340483528000366,0.1630397553956835,0.1109120886207613,0.0052577053915276,0.028003611820411903
0.07535007146098016,0.311938583687545,0.13290260253111363,0.08502533317400168,0.06425764096507502,0.3636363636363636,0.49004750697588567,0.17863583761562188,0.02071810068649879,0.021718445656825,0.05608141809567
0.15092289360254085,0.20529911781217414,0.11627032190306152,0.08668693536822708,0.07290752406662016,0.6363636363636364,0.1436616135524395,0.1810222887975334,0.009680276679842004,0.008640781985451401,0.0283799541865893
0.11887888271324865,0.26143834309086533,0.07399757076090963,0.007240869154517604,0.11105618997806643,0.6363636363636364,0.2032751278191558,0.175722622816033,0.1420645745787393,0.010753533376123201,0.002013298496574903
0.008730010208711336,0.4180768064800705,0.13543746993645966,0.017580024924032878,0.15896346660560634,0.8181818181818182,0.277195885509884,0.18094301849948613,0.1405303536509257,0.0206353262729996,0.02171654626847129
0.025886316923774855,0.3329907931670542,0.028442773722627823,0.045577929711951015,0.09181615044951674,0.8181818181818182,0.45967599023368505,0.1809334604316547,0.00538965883087178,0.0239782873341891,0.025594942272217203
0.09364067944646104,0.0555979068088861,0.03798583521503951,0.006366678616545496,0.06263442681192599,0.1818181818181818,0.04905946541170689,0.1810247245632066,0.036255338048679,0.021437636927685,0.006279327137483498
0.1338374807168785,0.09571484882508619,0.09647189308407278,0.07499207950652687,0.07221005003735925,0.6363636363636364,0.055820265440229,0.1803153247687565,0.10344251300187218,0.018241766153187802,0.028214912378088597
0.11675206783121606,0.039934060469965504,0.014355104762904913,0.004293232385309653,0.048947063896454424,0.9090909090909092,0.1432237175260589,0.1810247245632066,0.1110291054711878,0.0185493185708173,0.019841216325982805
0.03111232191470059,0.31569790680888593,0.16169383710549823,0.1058398380506902,0.095268872857866,0.8181818181818182,0.0361062836017535,0.18102325488180884,0.09280048054919898,0.0260509231921266,0.013948243704262606
0.11490882826678772,0.06131704226481682,0.17907555217140164,0.059430207586466,0.038995630986526475,0.4545454545454546,0.1356308383405087,0.18102284378211717,0.1121602683586436,0.0213172903294822,0.017479511168900605
0.02077250907441014,0.2949798590504451,0.1088887822296909,0.09851053410267802,0.11372175603171919,0.3636363636363636,0.11006552827930083,0.1809148345323742,0.1004473153734137,0.04797471544715451,0.038646072146086105
0.04736118761343022,0.45672766059828374,0.193105204011973,0.1723156412532577,0.1728571090168478,0.9090909090909092,0.5577098918544086,0.2405142271325796,0.1182616132723111,0.0495222828412495,0.022717256050173995
0.18260230716878412,0.13525039698452168,0.18344610933151273,0.03860053262316898,0.03333119918532623,0.7272727272727273,0.4022497984661612,0.18101095272353546,0.125739795090493,0.1840608654257596,0.0446814926114585
0.2067467207350273,0.18838216376614003,0.02795515517513003,0.0752875027029487,0.03869923133842712,0.3636363636363636,0.1139297259729149,0.1810157214799589,0.1467211025587684,0.0240967233632862,0.008226462074411703
0.06933422413793111,0.1845154312695485,0.17439066638659884,0.02455576667008097,0.011941708693870678,0.6363636363636364,0.0984721661213733,0.1804770811921892,0.09270760973580189,0.0199705541292255,0.03480201512519969
0.007433782894736951,0.043048928342288795,0.017752681825342842,0.14093945679265252,0.07200136744679309,0.0,0.1290760415329337,0.18102174409044194,0.1696776024547535,0.027831878476679502,0.009222962905814702
0.10287713248638852,0.04073027307723143,0.0479632547392741,0.023307126111054233,0.030703996794331,0.3636363636363636,0.09687577896037819,0.181019421377184,0.0673873923444975,0.0224156921266581,0.005870158120245106
0.00018224024500901326,0.36596542725960374,0.10662748096413366,0.08131853369296782,0.1586380791535107,0.5454545454545454,0.5446767932967482,0.10291889619732783,0.1013111348034117,0.0186562933247753,0.020244328301008696
0.04470368194192387,0.18265367110433872,0.20985251273433803,0.016243720623214664,0.0023753391983416527,0.8181818181818182,0.1077859315901516,0.18081728057553959,0.1484002007489078,0.021773843602909702,0.052086476701585005
0.12847993307622518,0.05865906949234101,0.09207395158325882,0.04096046012723781,0.05375901060522059,0.3636363636363636,0.1679315026213028,0.18101468345323743,0.02985175265238199,0.0212848160034232,0.018859925998546093
0.06821538679673311,0.18537470526906719,0.2844019587249909,0.03560393321724875,0.011318214948540684,0.2727272727272727,0.02333595840292979,0.1809716927029805,0.1212945839400873,0.0225567575952075,0.009816287031304813
0.2111717422867514,0.3167775072179003,0.13626543716851325,0.00848602490127126,0.1149619982646003,0.0,0.39919361464412745,0.18095401541623846,0.0934505741626794,0.012311867779204101,0.04335707765134769
0.10044648706896564,0.2734392593632207,0.008427343380769892,0.060009979855918605,0.13512304191472446,0.6363636363636364,0.19451314805048148,0.1810007780061665,0.1412894632827126,0.0156610002139495,0.012001389644187094
0.06156954401088921,0.3542936241879862,0.16786408339022224,0.0936484510680915,0.07561607332063924,0.9090909090909092,0.43846612936826385,0.18089577595066808,0.1379343135011441,0.0165881151048352,0.049792371289342705
0.09439688067150653,0.1989082685058946,0.14248617654781282,0.11758804158557828,0.07494119564221846,0.4545454545454546,0.23013258477300275,0.18102310071942448,0.020102678385687495,0.023830513478819,0.031917467868202404
0.04713432735934664,0.025812323562434902,0.10135120096623418,0.011707750349960744,0.05737027322904864,0.6363636363636364,0.31547403677588076,0.7208252240493318,0.1882602267526523,0.0120416880616174,0.047001792644137605
0.0870239224137932,0.024980308164247345,0.018202790526702817,0.0468381201133532,0.07313821497264328,0.6363636363636364,0.1230888246181856,0.1806796916752313,0.13431112440191378,0.021009737911852802,0.008547176961825706
0.05828828947368425,0.3208774189991177,0.0953997584414219,0.05008867436011244,0.07705822256501726,0.0,0.37538038969296555,0.1809008314491265,0.0794778957769918,0.0191555091998288,0.0545710829816101
0.10592894283121601,0.197237457895581,0.28199175970172774,0.08228184016752599,0.03979604393935743,0.4545454545454546,0.07333858340559168,0.18102452929085305,0.1204771323070522,0.026251500855798,0.005649654360898496
0.043164272912885715,0.07226084990777126,0.24698326944283994,0.05617173170814982,0.033718127720600566,0.7272727272727273,0.1490277726084842,0.1781521377183968,0.1313293623881839,0.0185493185708173,0.02417416648006361
0.1758775215517242,0.2684139756596358,0.16628870136007984,0.03630705270465601,0.10157074395622945,0.8181818181818182,0.003442261522775325,0.1810210349434738,0.16106030996463488,0.0254135323063757,0.004332560577008107
0.11235665040834864,0.19473124248135376,0.13828515780076656,0.004759749393970392,0.09240968126491356,0.4545454545454546,0.201099757139312,0.18102088078108944,0.1093995371333471,0.0107045036371416,0.037924205651031495
0.023692100725952847,0.08362235945143959,0.2741148495510162,0.012409568438662921,0.01942919971558721,0.6363636363636364,0.1985325085520418,0.1810040668036999,0.16764792490118569,0.021598099058622103,0.017717072332375502
0.06055689201451908,0.03383560329617452,0.27744065535892465,0.026463953475138524,0.0684703110221987,0.8181818181818182,0.06126663943705399,0.1810247245632066,0.1875147857291449,0.009224685494223301,0.011138816829779699
0.03756016787658806,0.2949798590504451,0.28059141941920923,0.0010230410734405337,0.043756222926558896,0.6363636363636364,0.03677562865801709,0.18102454676258994,0.1604188839192843,0.0225787013264869,0.0037338153024570053
0.03125410957350283,0.4341583557221909,0.18388046736333574,0.039698067533886494,0.13057039856347474,0.6363636363636364,0.47026000397851825,0.046209773895169504,0.1736114510089452,0.002200010697475399,0.015477944769248797
0.02442977087114334,0.4393682452482155,0.04293151499238579,0.1489047423378515,0.12436612538263159,0.1818181818181818,0.5142694190884673,0.1795497759506681,0.0678723455377574,0.0252498277706461,0.05241762536748269
0.20665833371143383,0.021240379140267773,0.010564574909415647,0.015460807811806476,0.032227407650220474,0.8181818181818182,0.04896682977560052,0.1810050945529291,0.0325167089660911,0.008330519897304298,0.018971908237695304
0.003927760889292364,0.07481602273638621,0.078353740482067,0.11082044169028182,0.08146718424160615,1.0,0.0816421018659868,0.1810247245632066,0.082945061368837,0.0038451519041505997,0.016110679843667403
0.04542465630671505,0.06086592349025577,0.12910968544872148,0.06239477335063226,0.04865542032827974,0.9090909090909092,0.0760926253549715,0.1810247245632066,0.1704632639900145,0.0139494041506204,0.008829470053497102
0.00834122391107095,0.2653731012912021,0.00223891928792741,0.05122922655832107,0.0865756047627082,0.4545454545454546,0.2869599516360957,0.18078752004110998,0.10114768254628659,0.0166451679503637,0.025955431216219405
0.08842289360254096,0.07911117170583049,0.14360320012603067,0.015537591473476886,0.014164350406131732,0.6363636363636364,0.041393794987683585,0.1810247245632066,0.1051002517162471,0.0249891987590928,0.003759511143811095
0.037597977540834715,0.17344511989734535,0.16958274746626045,0.005268285590722344,0.14128408170840467,0.6363636363636364,0.19720082447071569,0.31092902672147993,0.09099918660287093,0.019854410569105703,0.015060868798896995
0.18234303879310354,0.05542247172989012,0.16790233996744208,0.014811494076274356,0.024017564511075173,0.3636363636363636,0.12336174959374199,0.18101331654676261,0.11466962970667768,0.0158749497218656,0.0205009758557555
0.07776046166061712,0.0873315582644959,0.06518743160216345,0.13097475104419182,0.0005752062956445592,0.8181818181818182,0.099811167479196,0.1810220318602261,0.0937763865196588,0.0049849197689345,0.067571291914347
0.0559818772686026,0.12001260726601981,0.23014418631518152,0.011559043213037912,0.02036840449275712,0.3636363636363636,0.1472372758129001,0.18094127132579652,0.03249779696276259,0.0162814537869063,0.0234956575108842
0.05825047980943743,0.15991155666051804,0.002802303208528034,0.02920483856282785,0.04297368618187958,0.8181818181818182,0.37611666855204356,0.016793386433710117,0.024800688579155294,0.006932067821993997,0.032222080696584596
0.18415792082577143,0.18778067206672555,0.15382892716483731,0.06965347115526876,0.08231423427896556,0.3636363636363636,0.01346569839393108,0.180549448098664,0.08119057416267939,0.0013479856653829982,0.024849737344390305
0.20502906420145206,0.1753498436121581,0.03353650895342142,0.11062353841601519,0.0502816473282075,0.0,0.0591849776875778,0.18098895889003083,0.10378966299147069,0.0178646801454856,0.019172989092970993
0.1108820587568059,0.21585028470607104,0.05300447723572954,0.10766205230632653,0.11379245742244937,0.9090909090909092,0.0851287790964527,0.18100858890030833,0.039924466403161996,0.0182497892597347,0.021767117023031593
0.10180764859346647,0.21965973213569645,0.004902812582051053,0.011224446606803551,0.14471149620381307,0.7272727272727273,0.006132357624177909,0.1760072528263105,0.1821129415435822,0.0183781589644844,0.009988353646412595
0.014693311025408384,0.1577060870959981,0.14689724623221123,0.04327610536378845,0.09180108621562344,0.9090909090909092,0.4130644971838779,0.016680866392600108,0.0933673621801539,0.016687957851946898,0.0361519258379733
0.16249276656079858,0.17374586574705275,0.04596777083442727,0.010229569121513182,0.004528061269252093,0.8181818181818182,0.1966988159295222,0.1810243401849949,0.003883276471811803,0.018624408429610603,0.035016939985310094
0.18756082463702362,0.06086592349025577,0.129673069369322,0.01417435954340085,0.04043325377810991,0.6363636363636364,0.03026928571483789,0.1808509917780062,0.022609338464739004,0.011467797389815997,0.00024873865719790555
0.00834122391107095,0.09775741438768148,0.1639781410492046,0.021674331091308452,0.04361311995950734,0.9090909090909092,0.0929560962707402,0.18096162076053443,0.0025830892448512888,0.008129977535301602,0.0063505028874868
0.05898585866606165,0.19406291903921724,0.13863524234626878,0.017688695983702596,0.16383624420930853,0.8181818181818182,0.1413328521547999,0.3623068047276464,0.0683945215311004,0.0197022689345314,0.005550655368868798
0.00882015086206911,0.05549705269067284,0.24914212676574082,0.053254443647785976,0.04511606184771866,0.1818181818181818,0.0664652169978606,0.1810228232271326,0.1312889120033284,0.018157077449721802,0.001668706254120203
0.01626051043557164,0.057561108549201934,0.10864138843669602,0.06302742155758145,0.08146036727807371,0.6363636363636364,0.1851846596752071,0.18101629701952726,0.1368363771583107,0.0146863414634146,0.022948079368096105
0.2181302438747732,0.2793577833025904,0.007700243659087391,0.1446602074726575,0.12282135664875038,0.1818181818181818,0.0941649328379339,0.18099337821171635,0.1363567526523819,0.0220794854514334,0.027905292377248092
0.020478247504537306,0.20091324083727646,0.31883819461219354,0.09855396849784337,0.009767294126153958,0.6363636363636364,0.1056107275771434,0.18102164131551904,0.09589492614936548,0.0227213339751818,0.009222089227011593
0.004172666742286779,0.13216278771352952,0.32575561938770137,0.08055232965732306,0.014377659958061173,0.8181818181818182,0.005183918911403684,0.7046381736896197,0.11837592885375492,0.013454645913564402,0.0541573677485883
0.22550320213248642,0.06983817467318953,0.06660527542929151,0.03522492460195531,0.06014811795897712,0.6363636363636364,0.0268957883180182,0.18097230935251798,0.18071914083628038,0.020260914634146303,0.0036423905141652058
0.14156490812159717,0.3866238030315181,0.05076068581631055,0.12544224168345341,0.13148027829063125,0.0909090909090909,0.3824921770251997,0.1809132394655705,0.1117052028292074,0.0095901829268292,0.024907098193368504
0.12525932735934664,0.16281876654102168,0.24094755343170715,0.15600798991657838,0.021951246499072097,0.6363636363636364,0.1112820626454652,0.1810247245632066,0.18956041397961299,0.06418228177150201,0.03539133816682381
0.0678353255444647,0.05154280214933038,0.1390728488158377,0.027897464918570036,0.04824737318325345,0.3636363636363636,0.2858555328454702,0.0652882250770811,0.0572013542750156,0.0148854332477535,0.006028087497091203
0.09080492627041759,0.08287049482717135,0.0969718920338184,0.04230987230700933,0.009508189303188863,0.6363636363636364,0.1668055687486189,0.18097796197327853,0.054548972332015805,0.0238445688917415,0.021060251973758895
0.003342079174228685,0.2643204908172267,0.009013062017539264,0.027085157681495775,0.15006351722143219,0.0909090909090909,0.47636777422836557,0.1810240739979445,0.1500087185354691,0.214013796534018,0.005912362219491596
0.07350683189655183,0.07485060550164413,0.10966571758651467,0.018113836252517945,0.025555321506905426,1.0,0.31170897271693027,0.1720627512846866,0.1264493259829415,0.0155540254599914,0.039425759443214
0.04288069759528146,0.13499977544309882,0.10126368009242237,0.1347194231053752,0.023000427438598203,0.8181818181818182,0.1724016025357617,0.18101259712230217,0.1243430226752652,0.0254491902011125,0.0106603443030861
0.11774458144283129,0.2212135856925173,0.2222147634301319,0.011260103907041352,0.02956772315553524,0.6363636363636364,0.14629715839370488,0.18100262795477906,0.1403353255668816,0.0251817533162173,0.0002902304030689973
0.02546095394736836,0.4380012190231774,0.3322289418684031,0.130545124449452,0.11264998592397979,0.4545454545454546,0.3307852972822795,0.18097744809866395,0.1360187039733721,0.0245666484809585,0.005556828199082597
0.004030879083484651,0.16933492661801264,0.2842705592606206,0.057541699955614645,0.14661079481308303,0.9090909090909092,0.1134155989455371,0.17599389208633098,0.0883538402329935,0.0178539826700898,0.032362754085980494
0.008568084165154422,0.5016590905445505,0.23954396576169723,0.08377699762140511,0.18023416486297572,1.0,0.6086470248328264,0.16903657656731758,0.15388327647181188,0.012104089644843802,0.0162722362200675
0.17020601519963707,0.309181746731895,0.017243305151499078,0.013235725016217725,0.15408868051772762,0.8181818181818182,0.020871685823697417,0.18092523843782118,0.11825814645308919,0.016677260376551102,0.0035296446136312
0.04855220394736859,0.2818639987168177,0.19578660190096087,0.002575102712053523,0.1041899121694907,0.0,0.030108642981655998,0.1810247245632066,0.1495666548783024,0.022159716516902003,0.037497788863151305
0.00022275068058064118,0.03675613120538934,0.1962209599327837,0.04253426713100489,0.05634058989129642,0.6363636363636364,0.2182539140928245,0.18097148715313466,0.07130915123777831,0.0233899261874197,0.03460909487779219
0.08598414587114345,0.3768495629160317,0.0969718920338184,0.005415667429182758,0.03406289054930223,0.6363636363636364,0.2996607677282887,0.18102200102774924,0.0853374058664447,0.0239782873341891,0.054801226813389996
0.06005714269509976,0.0005864784665972067,0.18886917712545304,0.004600891688574804,0.07282688746414712,0.5454545454545454,0.1943696027241955,0.18087544398766708,0.0865335781152485,0.009296002353444601,0.0111434738156663
0.032914934210526325,0.19382423109311087,0.13763175234994496,0.06306607998452196,0.044817892742654686,0.6363636363636364,0.0931559689633823,0.008323975334018602,0.02153055439983359,0.057173524818143,0.028419696630418614
0.020599663112522648,0.3248634944662763,0.01915626949535254,0.08298663889742458,0.07611362351466655,0.8181818181818182,0.49519309452311816,0.18101136382322713,0.06667414707717909,0.0153247935387248,0.0464103377484565
0.04810658575317617,0.010110097040660793,0.0965217833324582,0.17655578601750377,0.04795024201595599,0.5454545454545454,0.10366006596050859,0.18101553648509766,0.0768378957769918,0.0167460301668806,0.022510715784363394
0.07133275408348472,0.001756045994065314,0.261515040697369,0.07055009389190481,0.032504954734990044,0.8181818181818182,0.24552751303492798,0.18101870195272354,0.07015121905554389,0.017443913136499803,0.033499673899339694
0.3469679627949185,0.20408778069612643,0.2828702200283566,0.04515375624523421,0.12377743344018899,0.8181818181818182,0.10711675320072359,0.18102094244604316,0.2113688880798835,0.0165524561403509,0.035774245386513
0.012227438747731356,0.10016338118533963,0.037457459433912876,0.053101374236061316,0.05167800137385814,0.3636363636363636,0.11427874138707711,0.1801477122302159,0.0849560172664863,0.0048424946512623,0.010528781284243297
0.10914279718693287,0.39155269368032714,0.01960312975896672,0.03867748870451926,0.0930785332497771,0.2727272727272727,0.4362907586884201,0.1583011891058582,0.147295661535261,0.0087789580658964,0.055213164895035
0.07057655399274054,0.2298182582805357,0.07981773250013136,0.012327057370798977,0.012020903516594794,0.6363636363636364,0.29438967804575794,0.1810247245632066,0.091578304555856,0.0206888136499786,0.0420560267152901
0.07549185911978229,0.3394234130643997,0.11307904531848967,0.11431073725061747,0.17690798201933045,0.0,0.3763844067753524,0.1804814563206578,0.0992060692739754,0.0159106076166025,0.033382589649455896
0.08721297186932864,0.18470638082444457,0.3210294732972746,0.06364135454721331,0.07337049810793228,0.9090909090909092,0.32417551849123866,0.18096593730729704,0.054202256084876194,0.014733885323063701,0.0501404879780567
0.0028965778130672915,0.3721712938086454,0.1564863246337237,0.0509105631238122,0.1112520250186797,0.9090909090909092,0.17691967940650222,0.18101916443987667,0.0894980049927189,0.0217942190842961,0.020625837910597397
0.03314461206896557,0.4971479027989413,0.02870858583206415,0.0015556670877576728,0.23222384887560565,0.3636363636363636,0.5805345465259961,0.1810247245632066,0.2869668722696069,0.1491870956354301,0.0477645131729237
0.12162011116152449,0.16231752345817618,0.12358159218610498,0.004180274733403877,0.04539521157415227,0.1818181818181818,0.3676829250599945,0.1614894758478932,0.1317974297898897,0.0268792939666239,0.04562626129575929
0.24563704968239575,0.3265581732697088,0.06336699049519501,0.053378308124779505,0.1518531482079588,0.1818181818181818,0.370862312822225,0.17405339876670098,0.1368594913667568,0.00968824347454,0.032868150521892806
0.09969028584392026,0.028489009744165572,0.03991130179068414,0.024288317001832205,0.0002908867169610918,0.6363636363636364,0.1547071629058579,0.18102385097636178,0.1235109028500104,0.0196190661103979,0.008103463792414597
0.14241563407441027,0.2903015909455449,0.06126648112167188,0.03552746537380358,0.12501470910361778,0.6363636363636364,0.22243512014003158,0.180503313463515,0.1455967495319325,0.020867105263157902,0.0323286219032512
0.08709132259528124,0.2933090494426177,0.030455762222339033,0.019700514413830028,0.19006006257080188,1.0,0.1708955769121815,0.3112671562178828,0.45893830351570636,0.0150548095849379,0.04251583893299411
0.12565756578947362,0.4168821767984601,0.18974438901433605,0.08895101061832089,0.19869688992263024,0.6363636363636364,0.39177933503727763,0.28988997225077073,0.09879000936134799,0.004927866923406101,0.041689929203728604
0.008946184210526398,0.13357958637420797,0.08786968439846676,0.006041613461253981,0.02544614876232254,0.6363636363636364,0.031146126965449994,0.1807875539568346,0.19753489598502177,0.007459602053915201,0.0352559382748341
0.07095465403811252,0.3444358438928542,0.0367572903429082,0.13123271649197088,0.0442061413627709,0.1818181818181818,0.08260900846897451,0.18102430626927032,0.1446952870813397,0.023755423620025702,0.023502766179115203
0.06112404264972782,0.3040022345416633,0.026604828020795113,0.0604913312164978,0.07821515572802429,0.4545454545454546,0.23147127388151273,0.17892554676258998,0.1670585073850634,0.024254638425331602,0.0019872731047556047
0.18123832803992734,0.1292354799903761,0.13093337499343582,0.04995020770027436,0.050938849646894435,0.4545454545454546,0.5022212140998257,0.1806968520041111,0.1618924297898897,0.012095175438596499,0.04959290983526869
0.12993832009981865,0.1646566575106263,0.09732522501706653,0.059250819989302095,0.06919268398852707,0.7272727272727273,0.42290386459126844,0.09948995272353549,0.08933841377158319,0.0061045892169447995,0.036359875882287604
0.040206870462794864,0.012449231093110913,0.1715399747938876,0.29282864898084604,0.06436882226614282,1.0,0.10517565384278149,0.1810247245632066,0.1091221645516954,0.011189663029525097,0.0102392067204711
0.11405810231397462,0.1375895310369717,0.25591368271805903,0.07180577975804342,0.07853652621176699,0.6363636363636364,0.4188877962617212,0.17089160739979448,0.014676564385271373,0.007709210526315801,0.0546026539663663
0.16926076451905636,0.3410942226722271,0.0003484608517566601,0.05940635790456028,0.12879884465762004,0.5454545454545454,0.03167187448653941,0.18084273381294969,0.1866133232785521,0.0196190661103979,0.021279419153192106
0.019532996823956483,0.16432249578955804,0.3049223200126031,0.04325258515711239,0.021931871122466196,0.2727272727272727,0.0977793943345264,0.18101854779033916,0.10967691075514868,0.0223647518185708,0.010169839797327093
0.039950419691470174,0.2141126423530355,0.05636204379562049,0.2358605443454312,0.08283485420231873,0.0909090909090909,0.38475121546057006,0.18101844501541625,0.015141063033076885,0.0113106931964056,0.0369841860937732
0.018398695553539124,0.03366513252867109,0.11622656094102835,0.16065976743259708,0.041937173732796595,0.8181818181818182,0.012504877138479809,0.18092606063720454,0.1259725910131058,0.0110967436884895,0.007295164063318399
0.05545253629764069,0.015122527869115387,0.05006051567505121,0.06565765930326517,0.060407933042493145,0.4545454545454546,0.1997540630036181,0.1810247245632066,0.058709571458289894,0.0388604664099273,0.008261945765301593
0.04587837681488194,0.04736577612478943,0.2895185842566823,0.17072554599565248,0.08801364378509968,0.0,0.098749944515506,0.18101958581706065,0.07812570106095271,0.0153757338468121,0.010626421241265005
0.04751242740471873,0.016125014034806262,0.12112774982933372,0.029125744591257274,0.06516421381571014,0.0909090909090909,0.2033350565947863,0.1810247245632066,0.1974308810068649,0.006639462986735102,0.004638396016290597
0.12653541628856635,0.023944406127195506,0.214953749934359,0.10998848771438652,0.018620243100580858,0.3636363636363636,0.28053424230882024,0.0022061079136690143,0.010654651549823091,0.0161744790329482,0.017774626307711303
0.013891080989110627,0.011112583206351778,0.12868958357401672,0.05800518454027115,0.047455102171659935,0.6363636363636364,0.1266950863072662,0.18100982219938336,0.014725003120449498,0.0226145667522465,0.040572490564783306
0.11292380104355726,0.2830168578073622,0.08157140471564339,0.03915188239043099,0.11140628277374731,0.6363636363636364,0.1355541756121661,0.1810247245632066,0.00170936342833361,0.0915277032520326,0.0016377401769938071
0.0002794657441015369,0.5145911620819632,0.2732046284724046,0.15448300784139668,0.1325733391019306,0.0,0.5702935722856508,0.18101553648509766,0.1189758498023715,0.019020007488232703,0.0548452275083689
0.10508890313067143,0.11901012110032883,0.1714732059024312,0.03321430741916753,0.15415978370170413,0.8181818181818182,0.09539349231669408,0.7692322127440904,0.0739373642604535,0.0188274529311082,0.013138888334829305
0.18142737862976405,0.5161951399470687,0.5065712198708188,0.09939861893543661,0.08553436491600186,0.8181818181818182,0.5845506148555433,0.1810247245632066,0.1706816954441439,0.0037333151476251006,0.0171533950785709
0.08626772118874781,0.2605611676958857,0.05023555847292971,0.0999648155735372,0.07647172180577988,0.6363636363636364,0.12019271425164801,0.1810247245632066,0.1257992323694612,0.002150296320068499,0.028760373595066904
0.054507285617059975,0.01094211243884835,0.10484880218452985,0.08985616386129036,0.01479343281351686,0.3636363636363636,0.18501341853770348,0.17564754059609458,0.08523339088828791,0.019030704963628603,0.029594960085755892
0.20139930013611618,0.32271530996872233,0.08524729611930881,0.07194272650710731,0.1532511091132589,0.4545454545454546,0.07388378777372051,0.18100067523124358,0.0774322675265238,0.0003636103979461,0.024913527375457392
0.06402719714156074,0.1197118614163124,0.06949347581788579,0.012554297404031134,0.14953928188194465,0.1818181818181818,0.132742927781483,0.7336720894141829,0.06807091949240679,0.0096169266153188,0.0631665335669165
0.054507285617059975,0.14477401555858527,0.28847157800766676,0.2565199853187202,0.04915122721685272,0.4545454545454546,0.39428937774324463,0.1810247245632066,0.08783376534220919,0.010900623662815502,0.0536325269570901
0.10101363770417437,0.16231752345817618,0.10152624376411268,0.17839338488852463,0.02489178495504829,0.5454545454545454,0.10412844093345919,0.1810068417266187,0.2179565030164343,0.0174260836542576,0.010106336978209202
0.08683487182395655,0.5061702782901596,0.057062213936879824,0.021291934969897675,0.08252151813733755,0.9090909090909092,0.439972154991844,0.1810247245632066,0.056226979405034405,0.025235240693196402,0.041129492696762804
0.01991109686932857,0.39489431389846813,0.07754218032872984,0.11766239373143506,0.1239782898117574,0.6363636363636364,0.42892796708558917,0.1810247245632066,0.0010990409819015001,0.020260914634146303,0.025779114817665302
0.11122234913793116,0.20709862859892525,0.2013004390064589,0.1989301051589334,0.06299898127214443,0.6363636363636364,0.10613647509823282,0.18102289516957865,0.178482818805908,0.0153935633290543,0.013330650200433697
0.17984757599818524,0.08813354719704869,0.15736153652260687,0.06327868767569167,0.02518172850635103,0.6363636363636364,0.2809221503327026,0.18098957553956835,0.19455313293114201,0.0206888136499786,0.008421264033649997
0.08740202245916529,0.3016631004892132,0.11150366328834727,0.1584826106501872,0.0797617504880812,0.3636363636363636,0.3912773264960842,0.18101722199383352,0.08315309132515081,0.0140563789045785,0.052403141894244096
0.0011951259074410858,0.4866217980591868,0.0969718920338184,0.02203453458067306,0.08720950772493907,0.6363636363636364,0.5905747173498641,0.1810238304213772,0.17796274391512368,0.022346922336328602,0.036931079983415896
0.42712525294918335,0.3121892052289678,0.1472123226382397,0.1023462557046445,0.042643478174937965,0.1818181818181818,0.36718091651880097,0.1807826896197329,0.17125377782400658,0.0012944982884039967,0.07278427635321741
0.047579828720508144,0.13441838158633412,0.021878681930368238,0.039436210977955244,0.07821988319795603,0.1818181818181818,0.05350224100126849,0.1810247245632066,0.040662972748075704,0.04082166987590931,0.0356098046594949
0.0703875034029039,0.22798036731093102,0.2644875145722838,0.28456768126828036,0.02561486818192782,0.5454545454545454,0.02280305726012838,0.1810247245632066,0.1060363865196588,0.0192446544715447,0.0208324080329024
0.2750072334392014,0.4369987328574865,0.3275027957779762,0.09572545381087327,0.13784943638072744,0.7272727272727273,0.5875626661027038,0.18101958581706065,0.1512829020178905,0.0168377225074882,0.0341881713712599
0.30802361955535407,0.21845674873686738,0.299499252218663,0.010232606666894295,0.1030811845549423,0.3636363636363636,0.3084459171991732,0.1810247245632066,0.1929409007697108,0.008654153829696202,0.022109149510159104
0.17814612409255903,0.3076780174833587,0.4530082308459802,0.03603618594011404,0.01986635652823643,1.0,0.09215689867316021,0.1810247245632066,0.1628805720823798,0.0212771747967479,0.005996725633243008
0.1327740732758621,0.3192066083888042,0.09469958830016278,0.007512963342324208,0.09151185292487174,0.3636363636363636,0.28685954992785695,0.18102047995889003,0.051896590389016006,0.0438704503637142,0.05125717938923399
0.12143106057168784,0.1304084369235704,0.09802214672057974,0.09308509963922751,0.04547626440743324,0.6363636363636364,0.2323678842284769,0.1810247245632066,0.04986829831495729,0.024486417415489903,0.011838500012231093
0.10324566356624315,0.2587065682893576,0.02672185369952207,0.029083540464565794,0.22749367943310284,0.3636363636363636,0.1819397648184362,0.08908318910585819,0.08840584772207188,0.0106064430894309,0.0235469814519665
0.215578066016334,0.0943990857326168,0.18895994643701086,0.051133912048892116,0.06137735944467204,0.6363636363636364,0.1455441455819147,0.2565395097636177,0.151698961930518,0.017479571031236603,0.06546629904289869
0.056775888157894805,0.24151393054775838,0.4430308113217456,0.025758913471496725,0.04234290375762251,0.9090909090909092,0.32802425030571586,0.1810012918807811,0.17369812981069271,0.0191911670945657,0.006557162140208794
0.01241648933756806,0.020465731012912047,0.16523844667331844,0.22954740175492516,0.060926142688423446,0.5454545454545454,0.2571169053093116,0.1810247245632066,0.2205048699812773,0.025823601839965703,0.0118064636174154
0.14865429106170602,0.2294840965594674,0.3163033272068476,0.17176367066134052,0.1384038001880017,0.4545454545454546,0.5283256582418825,0.18101434429599178,0.1581998980653214,0.0022037836970475004,0.0636808681340256
0.06982035276769516,0.08763230411420331,0.23963473507325506,0.16931432221425569,0.014480096748535676,0.5454545454545454,0.44147818061542426,0.1810247245632066,0.2091152298731017,0.0209562505348737,0.050270535152572404
0.11916245803085301,0.21945923490255836,0.08209653205902423,0.017738645338978287,0.04945251189471911,0.6363636363636364,0.4274219414620091,0.1810247245632066,0.0815408591637195,0.0034339933675652974,0.0503875149047258
0.04146282100725962,0.45303851150854113,0.04445915769574138,0.04872544243003629,0.16536275316348914,0.2727272727272727,0.44850630019213195,0.18101136382322713,0.1351085729144996,0.0179609574240479,0.0443785817914273
0.15943015313067166,0.03968343892854276,0.062141693010554944,0.0723865791480306,0.009020818385596208,0.6363636363636364,0.02840181394159841,0.18097611202466599,0.18748011441647588,0.009189027599486501,0.0021407371794268937
0.13359767468239564,0.021471606584329228,0.059162723310402954,0.05039975075967085,0.03140426139458652,0.0,0.29139739489093247,0.107026780061665,0.04842585604327032,0.0171943046640993,0.07486183806866119
0.22257292422867525,0.2832841877857085,0.30877650160163816,0.12100893168083582,0.08260989505652105,0.7272727272727273,0.3790617849923725,0.1810247245632066,0.1951772228000832,0.010419237270004201,0.062475318087704096
0.10952089723230496,0.03800923891250296,0.0465596670692644,0.15285251328712718,0.03841816869531678,0.1818181818181818,0.020871685823697417,0.1810247245632066,0.2730982088620763,0.021437636927685,0.03607260120943889
0.10952089723230496,0.43733289457855473,0.02345406396051053,0.033968290712099,0.056345905324302836,0.0,0.4884996469725336,0.1809843340184995,0.1270127407946744,0.0225787013264869,0.0506299421122717
0.01991109686932857,0.2669102464110995,0.26431572021215133,0.045354246190264846,0.2072533747740365,0.6363636363636364,0.1461298218786347,0.13480684172661878,0.021784254212606602,0.020795788403936602,0.008527476191641098
0.042853573049001725,0.07142544410137142,0.1456369406080974,0.2816090403678285,0.02615316346501484,0.6363636363636364,0.2753133534804087,0.18100941109969168,0.08344423236946119,0.16976190629011562,0.0071331277249539055
0.14569688861161523,0.155136429344775,0.21705101087013612,0.20776637645532448,0.14032469813685555,0.5454545454545454,0.1440311149311507,0.1808431551901337,0.170941732889536,0.06282281129653411,0.0029852076124024934
0.1344755251814883,0.10317083968241236,0.2370090983563513,0.19337910193815644,0.06807261524741492,0.8181818181818182,0.5313377094890428,0.1810247245632066,0.06402810276679849,0.0306590682498931,0.0575464875653346
0.04587837681488194,0.18554517603657072,0.11728006406553582,0.33171317502589137,0.09248872554170984,0.9090909090909092,0.2009923504038894,0.1810247245632066,0.018261512377782396,0.0893882081728713,0.036195330657539104
0.07650451111615236,0.08813354719704869,0.16979279840361272,0.3500932266948912,0.10635916185012895,0.8181818181818182,0.04296006163620708,0.1810247245632066,0.24115184314541288,0.0583655295250321,0.0449942624724564
0.06743010095281304,0.3307351992942497,0.5559331901486111,0.08226230040857208,0.011731670225842983,0.1818181818181818,0.39177933503727763,0.1810247245632066,0.1810311857707509,0.026679399871630302,0.01695236553130451
0.09351903017241375,0.20158495468762527,0.057062213936879824,0.30932706875163596,0.1322342002458483,0.1818181818181818,0.03492792497711261,0.1810247245632066,0.10967691075514868,0.012901259092854101,0.024395115766047998
0.08570057055353908,0.10033385195284306,0.29477310612823615,0.22780860220560617,0.033581545325266915,1.0,0.1333215990510191,0.1806886505652621,0.1710457478676929,0.0196190661103979,0.0213341978544722
0.0652831476860255,0.18855263453364346,0.08226832641915682,0.038573735873536075,0.05276735361180074,0.6363636363636364,0.2945607183798449,0.179791425488181,0.1066742438111088,0.0035728530166880025,0.012051086155430699
0.3328565982304901,0.5342398909295051,0.3311786871816416,0.3081832946384876,0.1636273534189785,0.4545454545454546,0.4520203599804857,0.18101553648509766,0.1004333451216976,0.015447050706033302,0.018674711800152205
0.07435755784936482,0.13324542465313982,0.033956610828125955,0.08085107662717528,0.011696226325049963,0.6363636363636364,0.4680846332986745,0.1810138304213772,0.2803792573330561,0.0170516720154043,0.036805632528023394
0.014117941243194154,0.2956481834950677,0.16208768261303375,0.1230479981107811,0.03360493783894536,0.1818181818181818,0.439972154991844,0.1810247245632066,0.077952342417308,0.003893777278562202,0.0442239678026561
0.14909979242286742,0.007102638543588058,0.41834982618284944,0.1416076746673951,0.037703119718479616,0.8181818181818182,0.1212733940623775,0.5435384820143884,0.09719511337632619,0.0179074700470689,0.009600470114339094
0.1548929480490019,0.2605611676958857,0.24751164522396674,0.040275170997075116,0.06543265120875419,1.0,0.35362668590657925,0.17493017163412128,0.1842556500936134,0.0179074700470689,0.0244866924084845
0.03125410957350283,0.3056730451519769,0.0479632547392741,0.2603521054548351,0.11421666624888527,0.8181818181818182,0.3235061734349752,0.1719908088386434,0.07755004992718961,0.023256207744972203,0.024052016975549692
0.2671887738203268,0.07610371320875764,0.12988312030667426,0.1354929433120512,0.02749488457181426,0.0909090909090909,0.2246871535482179,0.1810050945529291,0.11799810900769708,0.0089215907145913,0.012711567008071897
0.10044648706896564,0.09632390729007934,0.21915476868140515,0.01619654193269371,0.03941441668876089,0.0909090909090909,0.2435626746970898,0.18101136382322713,0.10031556272103179,0.0080657926829268,0.0614272045979002
0.08910347436479138,0.4279763573662683,0.10432367484114902,0.06489514322783307,0.12421931755405047,0.3636363636363636,0.32551420759974875,0.18102351181911616,0.1658449989598502,0.0216515864356012,0.0045405470010844995
0.06969870349364782,0.04602912823803029,0.4162493168093264,0.2260559533158068,0.05804586116802035,0.6363636363636364,0.2834221528678458,0.1810247245632066,0.1512829020178905,0.020902763157894702,0.016012136853138
0.19005628743194192,0.2956481834950677,0.1494846263718953,0.01852070117336424,0.14239280932295306,0.7272727272727273,0.0142689120598406,0.1810161017471737,0.19808964218847508,0.018143022036799298,0.017294789790835194
0.24903995349364805,0.2455238752105221,0.23805935304311288,0.11406282734132267,0.12848550859263907,0.0,0.6347514689748832,0.18090550565262078,0.049348223424173,0.007423944159178401,0.065219481174414
0.06641744895644286,0.4590534285026866,0.3395807246757339,0.2716418957060102,0.07974969910096652,0.8181818181818182,0.5192895045004013,0.1804461017471738,0.1759344518410651,0.0249678038083012,0.0758041575168429
0.10486204287658796,0.2876282941695404,0.06056631098041265,0.15084000193474228,0.0806415017474511,0.6363636363636364,0.3114579684463336,0.1810247245632066,0.2671555876846265,0.018121419554985002,0.0824948975501993
0.11405810231397462,0.3197078514716496,0.23770602005986463,0.1048215877405625,0.10356324003952855,0.6363636363636364,0.087562159074077,0.1810247245632066,0.183839590180986,0.029353768720581902,0.019368436228472494
0.09931218579854817,0.2595586815301948,0.4446061933518879,0.059842051623476444,0.0513934954807298,0.6363636363636364,0.2506911959820361,0.1810247245632066,0.1720858976492615,0.0211167126658108,0.005561736581669696
0.16951721529038105,0.478100665650814,0.24610805755395693,0.4435526597015944,0.22552327763985636,0.3636363636363636,0.3164780538582676,0.1810247245632066,0.1512829020178905,0.0185493185708173,0.007627856171983402
0.04940292990018147,0.704161296014115,0.16103742792627213,0.0703319613734395,0.2386592895948324,0.7272727272727273,0.6688880497760346,0.1810247245632066,0.07431181818181809,0.0712025,0.018883581813380595
0.4327967593012706,0.1202131044991579,0.31682845455022823,0.17513808881605158,0.06903672621658752,0.4545454545454546,0.1373376673805663,0.1810247245632066,0.207450990222592,0.040500745614035105,0.0222631362616533
0.23883124205989115,0.19940951158873998,0.30527565299585135,0.058154465840418,0.10438273436332524,0.0909090909090909,0.3626628396480604,0.1563587430626928,0.0639103203661327,0.0211167126658108,0.0837819411488353
0.0652831476860255,0.0410166974095757,0.14248617654781282,0.04330247362491041,0.06175768839933471,0.0,0.3004137805400788,0.18099923638232274,0.1336003557312252,0.023149232991014103,0.021141636010444803
0.0550744362522686,0.22664710882989814,0.32418023735755896,0.24923302775786127,0.03982416385065912,0.4545454545454546,0.12930553072147188,0.18073695477903398,0.1440018535469107,0.0155540254599914,0.004240774876387202
0.10271508960980047,0.06708133771753944,0.3210294732972746,0.061830476174217885,0.028555406637904124,0.1818181818181818,0.33354634425884316,0.1810247245632066,0.0983530455585605,0.0204748641420624,0.0692714339835903
0.09704358325771334,0.22747912422808558,0.28181671690384924,0.04813686082374491,0.012009562390031037,1.0,0.32852625884690917,0.180458434737924,0.1460821531100478,0.024646879546427,0.042929397356696694
0.1480871404264974,0.2715885155184858,0.1757409935409337,0.1467144485415457,0.08767951182241074,0.5454545454545454,0.06346574909679381,0.1810247245632066,0.23253236738090288,0.0253957028241335,0.04917475162971929
0.203667902676951,0.10517581201379422,0.08892318752297423,0.0778490041767671,0.0435714349827665,0.0,0.49820514577027847,0.1810247245632066,0.03478612648221338,0.0179074700470689,0.0292787852044762
0.09805623525408341,0.13625288315021256,0.18029534527122815,0.05307045364016072,0.12433983142519711,0.6363636363636364,0.4941890774407313,0.8076700339157246,0.1585639504888703,0.0204748641420624,0.010646074655035198
0.05167153244101641,0.03800923891250296,0.27271775770624374,0.1737187061126475,0.11378281631275766,0.3636363636363636,0.3164780538582676,0.18102365570400825,0.0659906199292698,0.0235771320068464,0.024612139863877003
0.017520845054446454,0.41093409254952273,0.4498574667856956,0.2460293221573514,0.0771948050326593,0.1818181818181818,0.5584461707134865,0.1807492877697842,0.17312604743083,0.0118099090714591,0.03465739214811829
0.0255826032214157,0.08529655946747938,0.10327342015438745,0.0781733580297495,0.0841250628841379,0.7272727272727273,0.2555104779774927,0.1810067389516958,0.06610840232993559,0.023684106760804402,0.009015257734933294
0.15375864677858453,0.3557973534365225,0.162441015596282,0.041604260416310934,0.11016740017836057,0.6363636363636364,0.5504140340543922,0.1810068417266187,0.2240933867276887,0.004428651048352602,0.06422029219221309
0.15136839496370225,0.3126904483118133,0.40154575119466474,0.30936367976601,0.020011683434163263,0.6363636363636364,0.3014177976224655,0.1810247245632066,0.04218495735385902,0.0211167126658108,0.009801186042966994
0.014117941243194154,0.1753498436121581,0.3248771590610724,0.2266193047446709,0.05600846648509239,0.1818181818181818,0.1835224531703591,0.1792056084275438,0.138801104639068,0.0235771320068464,0.017671132157012603
0.08002906420145195,0.08512608869997595,0.13093337499343582,0.2606366263785039,0.03813696965460722,0.0909090909090909,0.07709664243735831,0.1810247245632066,0.07639211774495519,0.0226143592212238,0.006063526403239497
0.03919421846642479,0.04619959900553372,0.07106885784802797,0.12231715604265536,0.06686747653594927,1.0,0.2842253665337552,0.18095298766700926,0.0774322675265238,0.0234701572528883,0.016717731496029897
0.12199821120689669,0.15246313256877053,0.3322289418684031,0.021599217567459972,0.0864871347586107,0.5454545454545454,0.15440595778114188,0.1810247245632066,0.14296170376534217,0.013222183354728297,0.016617373531715995
0.11960795939201446,0.02414490336033359,0.3395807246757339,0.07401688404065232,0.08499276275639323,0.6363636363636364,0.1865345044175195,0.1810247245632066,0.1044761618473059,0.018228394308943102,0.0320637187141887
0.001762276542649821,0.15429763413264896,0.5443803885942342,0.20978135648195562,0.06640952382559229,1.0,0.24318480684403115,0.1810247245632066,0.1668851487414187,0.012772681857081702,0.012235493914857593
0.08898182509074404,0.039182195845697376,0.10012265609410287,0.2640654802144149,0.06693978485863716,0.1818181818181818,0.2311128628754934,0.1810247245632066,0.1772866465571042,0.0196190661103979,0.03613135245528899
0.006177832350272139,0.23566948432111645,0.03605712020164897,0.2892171298667304,0.11765202183711343,0.6363636363636364,0.2902193485156044,0.1810194008221994,0.10147349490326613,0.0829697229353873,0.0466225231497598
0.0016406272686024792,0.002090207715133463,0.16208768261303375,0.20656949195943863,0.03917338894646771,0.6363636363636364,0.2440646832382832,0.1810247245632066,0.1872720844601622,0.003166556482670096,0.025063750703289797
0.12993832009981865,0.6961414066885877,0.0213535545869874,0.37047308375157906,0.30465268543469354,0.7272727272727273,0.6638679643641006,0.1809942004110997,0.127359457041814,0.050342422978177204,0.0429694932487316
0.20933940902903814,0.22865208116127989,0.02485765163052034,0.02439074453435297,0.10707090395044472,1.0,0.2218759057175349,0.1810247245632066,0.056629271895152905,0.0510912462558836,0.020632319341551394
0.15023409369328483,0.22263716416713453,0.07701705298534911,0.2876295031126589,0.019034810817325054,0.8181818181818182,0.1363336502981795,0.18097868139773896,0.5549787996671522,0.5429611649550707,0.004941978858340398
0.10713064541742284,0.44100867752025014,0.06581758441422025,0.3529384359315785,0.14947902494637133,0.0,0.46708061621628766,0.18102280267214801,0.1356806552943623,0.0172656215233205,0.036513339956959004
0.15716155058983683,0.31369293447750424,0.03710737488841054,0.11650401686640038,0.10204476526308182,0.6363636363636364,0.22410848227868202,0.18101874306269272,0.1221587081339712,0.0279630969191271,0.030131827901144895
0.15930850385662426,0.3547948672708316,0.47926459801501875,0.08176723400138841,0.06796344250283215,0.6363636363636364,0.077521988250209,0.18093047995889006,0.1741661972123985,0.0198330156183141,0.019860864784578505
0.07877311365698725,0.3938918277327772,0.3479827621698262,0.09936447642459628,0.055020252741690534,0.6363636363636364,0.5383658290657505,0.1810247245632066,0.1755183919284376,0.0199399903722721,0.035041214067928594
0.22295102427404723,0.22464213649851628,0.03080584676784126,0.2205760803259471,0.04454830759960471,0.7272727272727273,0.2819161272442656,0.1810247245632066,0.0536266049511131,0.1150621491228071,0.02073272459955601
0.0255826032214157,0.04803410056941204,0.3910432043270494,0.18224295298576254,0.06766286808551658,1.0,0.010252843730293393,0.1810247245632066,0.17562240690659447,0.001968231707317001,0.010395179744250305
