follower_main_genre,follower_active_start,influencer_main_genre,count_x,count_y,ratio
Avant-Garde,1940,Classical,1,1,1.0
Avant-Garde,1950,Classical,3,3,1.0
Avant-Garde,1960,Avant-Garde,2,12,0.16666666666666666
Avant-Garde,1960,Classical,6,12,0.5
Avant-Garde,1960,Easy Listening,1,12,0.08333333333333333
Avant-Garde,1960,International,1,12,0.08333333333333333
Avant-Garde,1960,Jazz,2,12,0.16666666666666666
Avant-Garde,1970,Avant-Garde,6,33,0.18181818181818182
Avant-Garde,1970,Classical,11,33,0.3333333333333333
Avant-Garde,1970,International,2,33,0.06060606060606061
Avant-Garde,1970,Pop/Rock,10,33,0.30303030303030304
Avant-Garde,1970,R&B;,1,33,0.030303030303030304
Avant-Garde,1990,Pop/Rock,11,35,0.3142857142857143
Avant-Garde,1990,R&B;,2,35,0.05714285714285714
Avant-Garde,2000,Avant-Garde,7,37,0.1891891891891892
Avant-Garde,2000,Stage & Screen,1,37,0.02702702702702703
Blues,1930,Blues,13,17,0.7647058823529411
Blues,1930,Jazz,4,17,0.23529411764705882
Blues,1940,Blues,55,78,0.7051282051282052
Blues,1940,Country,1,78,0.01282051282051282
Blues,1940,Jazz,18,78,0.23076923076923078
Blues,1940,R&B;,1,78,0.01282051282051282
Blues,1940,Vocal,3,78,0.038461538461538464
Blues,1950,Blues,219,295,0.7423728813559322
Blues,1950,Country,4,295,0.013559322033898305
Blues,1950,Jazz,29,295,0.09830508474576272
Blues,1950,Pop/Rock,4,295,0.013559322033898305
Blues,1950,R&B;,25,295,0.0847457627118644
Blues,1950,Vocal,14,295,0.04745762711864407
Blues,1960,Blues,299,405,0.7382716049382716
Blues,1960,Country,5,405,0.012345679012345678
Blues,1960,Folk,2,405,0.0049382716049382715
Blues,1960,International,1,405,0.0024691358024691358
Blues,1960,Jazz,31,405,0.07654320987654321
Blues,1960,Pop/Rock,15,405,0.037037037037037035
Blues,1960,R&B;,37,405,0.09135802469135802
Blues,1960,Vocal,15,405,0.037037037037037035
Blues,1970,Blues,346,482,0.7178423236514523
Blues,1970,Country,10,482,0.02074688796680498
Blues,1970,Jazz,33,482,0.06846473029045644
Blues,1970,Pop/Rock,28,482,0.058091286307053944
Blues,1970,R&B;,47,482,0.0975103734439834
Blues,1980,Blues,357,505,0.7069306930693069
Blues,1980,Folk,3,505,0.005940594059405941
Blues,1980,Pop/Rock,37,505,0.07326732673267326
Blues,1980,R&B;,49,505,0.09702970297029703
Blues,1990,Blues,372,531,0.7005649717514124
Blues,1990,Pop/Rock,47,531,0.08851224105461393
Blues,1990,R&B;,50,531,0.09416195856873823
Children's,1950,Comedy/Spoken,1,4,0.25
Children's,1950,Jazz,1,4,0.25
Children's,1950,Stage & Screen,1,4,0.25
Children's,1950,Vocal,1,4,0.25
Children's,1970,Children's,1,5,0.2
Children's,1990,Children's,2,6,0.3333333333333333
Classical,1940,Classical,1,3,0.3333333333333333
Classical,1940,Jazz,2,3,0.6666666666666666
Classical,1950,Avant-Garde,1,9,0.1111111111111111
Classical,1950,Classical,2,9,0.2222222222222222
Classical,1950,R&B;,1,9,0.1111111111111111
Classical,1950,Vocal,3,9,0.3333333333333333
Classical,1960,Avant-Garde,4,26,0.15384615384615385
Classical,1960,Classical,8,26,0.3076923076923077
Classical,1960,International,4,26,0.15384615384615385
Classical,1960,Jazz,4,26,0.15384615384615385
Classical,1960,Vocal,5,26,0.19230769230769232
Classical,1970,Avant-Garde,5,30,0.16666666666666666
Classical,1970,International,5,30,0.16666666666666666
Classical,1970,Jazz,5,30,0.16666666666666666
Classical,1970,Latin,1,30,0.03333333333333333
Classical,1980,Vocal,6,31,0.1935483870967742
Classical,1990,Classical,17,81,0.20987654320987653
Classical,1990,Electronic,1,81,0.012345679012345678
Classical,1990,Folk,1,81,0.012345679012345678
Classical,1990,New Age,3,81,0.037037037037037035
Classical,1990,Pop/Rock,25,81,0.30864197530864196
Classical,1990,R&B;,2,81,0.024691358024691357
Classical,1990,Stage & Screen,1,81,0.012345679012345678
Classical,1990,Vocal,15,81,0.18518518518518517
Comedy/Spoken,1930,Jazz,3,4,0.75
Comedy/Spoken,1930,Vocal,1,4,0.25
Comedy/Spoken,1940,Comedy/Spoken,1,5,0.2
Comedy/Spoken,1950,Vocal,2,6,0.3333333333333333
Comedy/Spoken,1960,Comedy/Spoken,19,32,0.59375
Comedy/Spoken,1960,Folk,4,32,0.125
Comedy/Spoken,1960,Jazz,5,32,0.15625
Comedy/Spoken,1960,Pop/Rock,1,32,0.03125
Comedy/Spoken,1960,Vocal,3,32,0.09375
Comedy/Spoken,1970,Comedy/Spoken,26,45,0.5777777777777777
Comedy/Spoken,1970,Pop/Rock,7,45,0.15555555555555556
Comedy/Spoken,1980,Comedy/Spoken,54,94,0.574468085106383
Comedy/Spoken,1980,Folk,5,94,0.05319148936170213
Comedy/Spoken,1980,Pop/Rock,23,94,0.24468085106382978
Comedy/Spoken,1980,R&B;,4,94,0.0425531914893617
Comedy/Spoken,1990,Comedy/Spoken,82,128,0.640625
Comedy/Spoken,1990,Country,1,128,0.0078125
Comedy/Spoken,1990,Pop/Rock,28,128,0.21875
Comedy/Spoken,2000,Comedy/Spoken,101,150,0.6733333333333333
Comedy/Spoken,2000,Pop/Rock,30,150,0.2
Comedy/Spoken,2000,Vocal,4,150,0.02666666666666667
Country,1930,Country,16,21,0.7619047619047619
Country,1930,Folk,3,21,0.14285714285714285
Country,1930,Jazz,1,21,0.047619047619047616
Country,1930,Pop/Rock,1,21,0.047619047619047616
Country,1940,Comedy/Spoken,1,138,0.007246376811594203
Country,1940,Country,122,138,0.8840579710144928
Country,1940,Folk,8,138,0.057971014492753624
Country,1940,Jazz,4,138,0.028985507246376812
Country,1940,Pop/Rock,3,138,0.021739130434782608
Country,1950,Blues,2,520,0.0038461538461538464
Country,1950,Country,410,520,0.7884615384615384
Country,1950,Folk,21,520,0.04038461538461539
Country,1950,Jazz,15,520,0.028846153846153848
Country,1950,Pop/Rock,39,520,0.075
Country,1950,R&B;,17,520,0.032692307692307694
Country,1950,Vocal,15,520,0.028846153846153848
Country,1960,Comedy/Spoken,2,912,0.0021929824561403508
Country,1960,Country,687,912,0.7532894736842105
Country,1960,Folk,46,912,0.05043859649122807
Country,1960,Jazz,17,912,0.01864035087719298
Country,1960,Pop/Rock,106,912,0.1162280701754386
Country,1960,R&B;,22,912,0.02412280701754386
Country,1960,Stage & Screen,1,912,0.0010964912280701754
Country,1960,Vocal,29,912,0.03179824561403509
Country,1970,Blues,5,1466,0.0034106412005457027
Country,1970,Country,1107,1466,0.7551159618008185
Country,1970,Folk,68,1466,0.04638472032742155
Country,1970,Jazz,20,1466,0.013642564802182811
Country,1970,Pop/Rock,207,1466,0.14120054570259208
Country,1970,R&B;,25,1466,0.017053206002728513
Country,1970,Vocal,31,1466,0.021145975443383355
Country,1980,Country,1411,1886,0.7481442205726405
Country,1980,Folk,78,1886,0.041357370095440084
Country,1980,Jazz,22,1886,0.01166489925768823
Country,1980,Latin,1,1886,0.0005302226935312832
Country,1980,Pop/Rock,305,1886,0.16171792152704137
Country,1980,R&B;,27,1886,0.014316012725344645
Country,1980,Vocal,34,1886,0.018027571580063628
Country,1990,Blues,6,2754,0.002178649237472767
Country,1990,Classical,1,2754,0.00036310820624546115
Country,1990,Country,2113,2754,0.7672476397966594
Country,1990,Folk,92,2754,0.03340595497458242
Country,1990,Jazz,23,2754,0.008351488743645606
Country,1990,Pop/Rock,445,2754,0.16158315177923022
Country,1990,R&B;,31,2754,0.011256354393609296
Country,1990,Religious,4,2754,0.0014524328249818446
Country,1990,Vocal,35,2754,0.012708787218591141
Country,2000,Country,2433,3146,0.7733630006357279
Country,2000,Folk,106,3146,0.033693579148124604
Country,2000,Jazz,24,3146,0.007628734901462174
Country,2000,Pop/Rock,497,3146,0.15797838525111252
Country,2000,R&B;,34,3146,0.01080737444373808
Country,2000,Religious,6,3146,0.0019071837253655435
Country,2010,Classical,2,3248,0.0006157635467980296
Country,2010,Country,2502,3248,0.770320197044335
Country,2010,Folk,108,3248,0.0332512315270936
Country,2010,Pop/Rock,519,3248,0.15979064039408866
Country,2010,R&B;,39,3248,0.012007389162561576
Country,2010,Religious,8,3248,0.0024630541871921183
Country,2010,Vocal,36,3248,0.011083743842364532
Easy Listening,1940,Easy Listening,8,19,0.42105263157894735
Easy Listening,1940,Jazz,7,19,0.3684210526315789
Easy Listening,1940,Stage & Screen,4,19,0.21052631578947367
Easy Listening,1950,Classical,1,34,0.029411764705882353
Easy Listening,1950,Easy Listening,14,34,0.4117647058823529
Easy Listening,1950,International,1,34,0.029411764705882353
Easy Listening,1950,Jazz,12,34,0.35294117647058826
Easy Listening,1950,Latin,1,34,0.029411764705882353
Easy Listening,1950,Vocal,1,34,0.029411764705882353
Easy Listening,1960,Easy Listening,17,47,0.3617021276595745
Easy Listening,1960,International,2,47,0.0425531914893617
Easy Listening,1960,Latin,5,47,0.10638297872340426
Easy Listening,1960,Pop/Rock,4,47,0.0851063829787234
Easy Listening,1960,Vocal,2,47,0.0425531914893617
Easy Listening,1970,Easy Listening,18,48,0.375
Easy Listening,1990,Pop/Rock,8,52,0.15384615384615385
Easy Listening,2010,New Age,1,54,0.018518518518518517
Easy Listening,2010,Pop/Rock,9,54,0.16666666666666666
Electronic,1960,Avant-Garde,2,18,0.1111111111111111
Electronic,1960,Classical,3,18,0.16666666666666666
Electronic,1960,Electronic,1,18,0.05555555555555555
Electronic,1960,Jazz,3,18,0.16666666666666666
Electronic,1960,Pop/Rock,8,18,0.4444444444444444
Electronic,1960,Stage & Screen,1,18,0.05555555555555555
Electronic,1970,Avant-Garde,6,73,0.0821917808219178
Electronic,1970,Classical,6,73,0.0821917808219178
Electronic,1970,Electronic,13,73,0.1780821917808219
Electronic,1970,International,1,73,0.0136986301369863
Electronic,1970,Jazz,6,73,0.0821917808219178
Electronic,1970,New Age,1,73,0.0136986301369863
Electronic,1970,Pop/Rock,37,73,0.5068493150684932
Electronic,1970,R&B;,2,73,0.0273972602739726
Electronic,1980,Avant-Garde,9,268,0.033582089552238806
Electronic,1980,Classical,9,268,0.033582089552238806
Electronic,1980,Electronic,54,268,0.20149253731343283
Electronic,1980,Folk,2,268,0.007462686567164179
Electronic,1980,Jazz,14,268,0.05223880597014925
Electronic,1980,New Age,3,268,0.011194029850746268
Electronic,1980,Pop/Rock,135,268,0.503731343283582
Electronic,1980,R&B;,28,268,0.1044776119402985
Electronic,1980,Reggae,8,268,0.029850746268656716
Electronic,1980,Stage & Screen,4,268,0.014925373134328358
Electronic,1980,Vocal,1,268,0.0037313432835820895
Electronic,1990,Avant-Garde,16,895,0.017877094972067038
Electronic,1990,Blues,1,895,0.0011173184357541898
Electronic,1990,Classical,16,895,0.017877094972067038
Electronic,1990,Comedy/Spoken,1,895,0.0011173184357541898
Electronic,1990,Country,2,895,0.0022346368715083797
Electronic,1990,Electronic,248,895,0.2770949720670391
Electronic,1990,Folk,3,895,0.0033519553072625698
Electronic,1990,International,5,895,0.00558659217877095
Electronic,1990,Jazz,45,895,0.05027932960893855
Electronic,1990,Latin,6,895,0.0067039106145251395
Electronic,1990,New Age,10,895,0.0111731843575419
Electronic,1990,Pop/Rock,433,895,0.48379888268156424
Electronic,1990,R&B;,68,895,0.07597765363128492
Electronic,1990,Reggae,28,895,0.03128491620111732
Electronic,1990,Stage & Screen,11,895,0.012290502793296089
Electronic,1990,Vocal,2,895,0.0022346368715083797
Electronic,2000,Avant-Garde,17,1070,0.01588785046728972
Electronic,2000,Electronic,344,1070,0.32149532710280376
Electronic,2000,Jazz,46,1070,0.04299065420560748
Electronic,2000,Latin,7,1070,0.0065420560747663555
Electronic,2000,Pop/Rock,491,1070,0.4588785046728972
Electronic,2000,R&B;,80,1070,0.07476635514018691
Electronic,2000,Reggae,34,1070,0.03177570093457944
Electronic,2010,Electronic,372,1120,0.33214285714285713
Electronic,2010,Pop/Rock,504,1120,0.45
Electronic,2010,R&B;,88,1120,0.07857142857142857
Electronic,2010,Stage & Screen,12,1120,0.010714285714285714
Folk,1930,Folk,4,4,1.0
Folk,1940,Country,5,17,0.29411764705882354
Folk,1940,Folk,11,17,0.6470588235294118
Folk,1940,Religious,1,17,0.058823529411764705
Folk,1950,Blues,5,136,0.03676470588235294
Folk,1950,Country,21,136,0.15441176470588236
Folk,1950,Folk,89,136,0.6544117647058824
Folk,1950,International,2,136,0.014705882352941176
Folk,1950,Jazz,1,136,0.007352941176470588
Folk,1950,Pop/Rock,11,136,0.08088235294117647
Folk,1950,Stage & Screen,1,136,0.007352941176470588
Folk,1950,Vocal,5,136,0.03676470588235294
Folk,1960,Blues,22,361,0.060941828254847646
Folk,1960,Comedy/Spoken,2,361,0.00554016620498615
Folk,1960,Country,39,361,0.10803324099722991
Folk,1960,Folk,207,361,0.5734072022160664
Folk,1960,International,6,361,0.01662049861495845
Folk,1960,Jazz,10,361,0.027700831024930747
Folk,1960,Pop/Rock,53,361,0.14681440443213298
Folk,1960,R&B;,4,361,0.0110803324099723
Folk,1960,Religious,3,361,0.008310249307479225
Folk,1960,Vocal,14,361,0.038781163434903045
Folk,1970,Blues,23,459,0.05010893246187364
Folk,1970,Comedy/Spoken,5,459,0.010893246187363835
Folk,1970,Country,57,459,0.12418300653594772
Folk,1970,Folk,240,459,0.5228758169934641
Folk,1970,International,8,459,0.017429193899782137
Folk,1970,Pop/Rock,91,459,0.19825708061002179
Folk,1970,Stage & Screen,2,459,0.004357298474945534
Folk,1970,Vocal,16,459,0.034858387799564274
Folk,1980,Blues,24,525,0.045714285714285714
Folk,1980,Country,72,525,0.13714285714285715
Folk,1980,Folk,253,525,0.4819047619047619
Folk,1980,International,11,525,0.02095238095238095
Folk,1980,New Age,2,525,0.0038095238095238095
Folk,1980,Pop/Rock,123,525,0.2342857142857143
Folk,1990,Country,101,613,0.16476345840130505
Folk,1990,Folk,270,613,0.44045676998368677
Folk,1990,Jazz,11,613,0.01794453507340946
Folk,1990,Pop/Rock,162,613,0.2642740619902121
Folk,1990,R&B;,6,613,0.009787928221859706
Folk,2000,Folk,271,618,0.43851132686084143
Folk,2000,Pop/Rock,166,618,0.2686084142394822
International,1930,Vocal,1,1,1.0
International,1940,International,2,4,0.5
International,1940,Reggae,1,4,0.25
International,1950,Country,1,33,0.030303030303030304
International,1950,Folk,8,33,0.24242424242424243
International,1950,International,6,33,0.18181818181818182
International,1950,Jazz,4,33,0.12121212121212122
International,1950,Latin,6,33,0.18181818181818182
International,1950,Vocal,7,33,0.21212121212121213
International,1960,Classical,2,126,0.015873015873015872
International,1960,Country,2,126,0.015873015873015872
International,1960,Easy Listening,1,126,0.007936507936507936
International,1960,Folk,12,126,0.09523809523809523
International,1960,International,28,126,0.2222222222222222
International,1960,Jazz,15,126,0.11904761904761904
International,1960,Latin,33,126,0.2619047619047619
International,1960,Pop/Rock,10,126,0.07936507936507936
International,1960,R&B;,2,126,0.015873015873015872
International,1960,Vocal,20,126,0.15873015873015872
International,1970,Blues,5,186,0.026881720430107527
International,1970,Folk,22,186,0.11827956989247312
International,1970,International,51,186,0.27419354838709675
International,1970,Jazz,19,186,0.10215053763440861
International,1970,Latin,35,186,0.1881720430107527
International,1970,Pop/Rock,17,186,0.0913978494623656
International,1970,R&B;,9,186,0.04838709677419355
International,1970,Reggae,2,186,0.010752688172043012
International,1970,Vocal,21,186,0.11290322580645161
International,1980,Country,3,226,0.01327433628318584
International,1980,Folk,25,226,0.11061946902654868
International,1980,International,71,226,0.3141592920353982
International,1980,Jazz,22,226,0.09734513274336283
International,1980,Latin,40,226,0.17699115044247787
International,1980,Pop/Rock,23,226,0.10176991150442478
International,1980,R&B;,10,226,0.04424778761061947
International,1980,Stage & Screen,1,226,0.004424778761061947
International,1990,Folk,26,245,0.10612244897959183
International,1990,International,78,245,0.3183673469387755
International,1990,Latin,41,245,0.1673469387755102
International,1990,Pop/Rock,32,245,0.1306122448979592
International,1990,R&B;,11,245,0.044897959183673466
International,2000,Folk,29,259,0.11196911196911197
International,2000,International,81,259,0.3127413127413127
International,2000,New Age,2,259,0.007722007722007722
International,2000,Pop/Rock,37,259,0.14285714285714285
International,2000,Vocal,22,259,0.08494208494208494
Jazz,1930,Blues,2,61,0.03278688524590164
Jazz,1930,Jazz,55,61,0.9016393442622951
Jazz,1930,Latin,1,61,0.01639344262295082
Jazz,1930,Pop/Rock,1,61,0.01639344262295082
Jazz,1930,Vocal,2,61,0.03278688524590164
Jazz,1940,Blues,3,329,0.00911854103343465
Jazz,1940,International,3,329,0.00911854103343465
Jazz,1940,Jazz,305,329,0.9270516717325228
Jazz,1940,Latin,3,329,0.00911854103343465
Jazz,1940,Pop/Rock,4,329,0.0121580547112462
Jazz,1940,R&B;,2,329,0.0060790273556231
Jazz,1940,Stage & Screen,2,329,0.0060790273556231
Jazz,1940,Vocal,7,329,0.02127659574468085
Jazz,1950,Blues,7,812,0.008620689655172414
Jazz,1950,Classical,1,812,0.0012315270935960591
Jazz,1950,Easy Listening,2,812,0.0024630541871921183
Jazz,1950,International,6,812,0.007389162561576354
Jazz,1950,Jazz,747,812,0.9199507389162561
Jazz,1950,Latin,9,812,0.011083743842364532
Jazz,1950,Pop/Rock,6,812,0.007389162561576354
Jazz,1950,R&B;,6,812,0.007389162561576354
Jazz,1950,Stage & Screen,4,812,0.0049261083743842365
Jazz,1950,Vocal,24,812,0.029556650246305417
Jazz,1960,Blues,11,1318,0.00834597875569044
Jazz,1960,Easy Listening,6,1318,0.004552352048558422
Jazz,1960,International,12,1318,0.009104704097116844
Jazz,1960,Jazz,1174,1318,0.8907435508345979
Jazz,1960,Latin,21,1318,0.015933232169954476
Jazz,1960,Pop/Rock,25,1318,0.01896813353566009
Jazz,1960,R&B;,25,1318,0.01896813353566009
Jazz,1960,Stage & Screen,5,1318,0.0037936267071320183
Jazz,1960,Vocal,38,1318,0.028831562974203338
Jazz,1970,Blues,15,1621,0.009253547193090685
Jazz,1970,Classical,2,1621,0.0012338062924120913
Jazz,1970,Country,11,1621,0.006785934608266502
Jazz,1970,International,20,1621,0.012338062924120914
Jazz,1970,Jazz,1400,1621,0.863664404688464
Jazz,1970,Latin,34,1621,0.020974706971005553
Jazz,1970,Pop/Rock,49,1621,0.030228254164096236
Jazz,1970,R&B;,40,1621,0.024676125848241828
Jazz,1970,Vocal,39,1621,0.024059222702035782
Jazz,1980,Blues,16,1865,0.008579088471849867
Jazz,1980,Easy Listening,7,1865,0.0037533512064343165
Jazz,1980,Jazz,1585,1865,0.8498659517426274
Jazz,1980,Latin,35,1865,0.01876675603217158
Jazz,1980,New Age,3,1865,0.0016085790884718498
Jazz,1980,Pop/Rock,67,1865,0.035924932975871314
Jazz,1980,R&B;,43,1865,0.023056300268096516
Jazz,1980,Vocal,71,1865,0.03806970509383378
Jazz,1990,Blues,17,2083,0.00816130580892943
Jazz,1990,Easy Listening,8,2083,0.003840614498319731
Jazz,1990,Folk,1,2083,0.00048007681228996637
Jazz,1990,Jazz,1755,2083,0.842534805568891
Jazz,1990,New Age,5,2083,0.002400384061449832
Jazz,1990,Pop/Rock,84,2083,0.040326452232357174
Jazz,1990,R&B;,62,2083,0.029764762361977917
Jazz,1990,Stage & Screen,6,2083,0.0028804608737397984
Jazz,1990,Vocal,77,2083,0.03696591454632741
Jazz,2000,Jazz,1769,2126,0.8320790216368767
Jazz,2000,Latin,37,2126,0.017403574788334902
Jazz,2000,Pop/Rock,95,2126,0.044684854186265284
Jazz,2000,R&B;,71,2126,0.03339604891815616
Jazz,2000,Vocal,84,2126,0.03951081843838194
Latin,1930,Latin,3,3,1.0
Latin,1940,Easy Listening,1,25,0.04
Latin,1940,Jazz,8,25,0.32
Latin,1940,Latin,13,25,0.52
Latin,1940,Vocal,3,25,0.12
Latin,1950,Blues,1,89,0.011235955056179775
Latin,1950,Classical,1,89,0.011235955056179775
Latin,1950,Country,1,89,0.011235955056179775
Latin,1950,Easy Listening,2,89,0.02247191011235955
Latin,1950,International,1,89,0.011235955056179775
Latin,1950,Jazz,27,89,0.30337078651685395
Latin,1950,Latin,51,89,0.5730337078651685
Latin,1950,Vocal,5,89,0.056179775280898875
Latin,1960,Easy Listening,3,221,0.013574660633484163
Latin,1960,Folk,1,221,0.004524886877828055
Latin,1960,International,11,221,0.049773755656108594
Latin,1960,Jazz,39,221,0.17647058823529413
Latin,1960,Latin,134,221,0.6063348416289592
Latin,1960,Pop/Rock,7,221,0.03167420814479638
Latin,1960,R&B;,2,221,0.00904977375565611
Latin,1960,Vocal,21,221,0.09502262443438914
Latin,1970,International,13,258,0.050387596899224806
Latin,1970,Latin,165,258,0.6395348837209303
Latin,1970,Pop/Rock,8,258,0.031007751937984496
Latin,1970,R&B;,3,258,0.011627906976744186
Latin,1970,Vocal,23,258,0.08914728682170543
Latin,1980,Country,2,466,0.004291845493562232
Latin,1980,International,22,466,0.04721030042918455
Latin,1980,Latin,258,466,0.5536480686695279
Latin,1980,New Age,1,466,0.002145922746781116
Latin,1980,Pop/Rock,84,466,0.18025751072961374
Latin,1980,R&B;,18,466,0.03862660944206009
Latin,1980,Reggae,1,466,0.002145922746781116
Latin,1980,Vocal,35,466,0.07510729613733906
Latin,1990,Electronic,1,663,0.0015082956259426848
Latin,1990,International,33,663,0.049773755656108594
Latin,1990,Jazz,41,663,0.06184012066365008
Latin,1990,Latin,370,663,0.5580693815987934
Latin,1990,Pop/Rock,128,663,0.19306184012066366
Latin,1990,R&B;,29,663,0.043740573152337855
Latin,1990,Reggae,10,663,0.015082956259426848
Latin,1990,Vocal,42,663,0.06334841628959276
Latin,2000,International,37,703,0.05263157894736842
Latin,2000,Latin,399,703,0.5675675675675675
Latin,2000,Pop/Rock,130,703,0.18492176386913228
Latin,2000,R&B;,31,703,0.044096728307254626
Latin,2000,Vocal,45,703,0.06401137980085349
Latin,2010,Latin,405,711,0.569620253164557
Latin,2010,Pop/Rock,132,711,0.18565400843881857
New Age,1960,Classical,1,8,0.125
New Age,1960,Folk,2,8,0.25
New Age,1960,New Age,1,8,0.125
New Age,1960,Pop/Rock,4,8,0.5
New Age,1970,Avant-Garde,4,76,0.05263157894736842
New Age,1970,Blues,1,76,0.013157894736842105
New Age,1970,Classical,4,76,0.05263157894736842
New Age,1970,Country,2,76,0.02631578947368421
New Age,1970,Easy Listening,5,76,0.06578947368421052
New Age,1970,Electronic,10,76,0.13157894736842105
New Age,1970,Folk,6,76,0.07894736842105263
New Age,1970,International,2,76,0.02631578947368421
New Age,1970,Jazz,14,76,0.18421052631578946
New Age,1970,New Age,11,76,0.14473684210526316
New Age,1970,Pop/Rock,16,76,0.21052631578947367
New Age,1970,Vocal,1,76,0.013157894736842105
New Age,1980,Avant-Garde,6,154,0.03896103896103896
New Age,1980,Country,4,154,0.025974025974025976
New Age,1980,Electronic,23,154,0.14935064935064934
New Age,1980,Folk,14,154,0.09090909090909091
New Age,1980,International,6,154,0.03896103896103896
New Age,1980,Jazz,21,154,0.13636363636363635
New Age,1980,New Age,33,154,0.21428571428571427
New Age,1980,Pop/Rock,36,154,0.23376623376623376
New Age,1990,Avant-Garde,7,180,0.03888888888888889
New Age,1990,Electronic,24,180,0.13333333333333333
New Age,1990,Folk,15,180,0.08333333333333333
New Age,1990,International,11,180,0.06111111111111111
New Age,1990,Jazz,27,180,0.15
New Age,1990,Latin,3,180,0.016666666666666666
New Age,1990,New Age,40,180,0.2222222222222222
New Age,1990,Pop/Rock,37,180,0.20555555555555555
New Age,1990,R&B;,1,180,0.005555555555555556
New Age,2000,Electronic,26,193,0.13471502590673576
New Age,2000,Folk,17,193,0.08808290155440414
New Age,2000,International,12,193,0.06217616580310881
New Age,2000,Jazz,28,193,0.14507772020725387
New Age,2000,New Age,47,193,0.24352331606217617
Pop/Rock,1930,Country,1,8,0.125
Pop/Rock,1930,Vocal,7,8,0.875
Pop/Rock,1940,Blues,8,21,0.38095238095238093
Pop/Rock,1940,Jazz,1,21,0.047619047619047616
Pop/Rock,1940,R&B;,2,21,0.09523809523809523
Pop/Rock,1940,Vocal,9,21,0.42857142857142855
Pop/Rock,1950,Avant-Garde,1,779,0.0012836970474967907
Pop/Rock,1950,Blues,71,779,0.09114249037227215
Pop/Rock,1950,Classical,1,779,0.0012836970474967907
Pop/Rock,1950,Comedy/Spoken,1,779,0.0012836970474967907
Pop/Rock,1950,Country,101,779,0.12965340179717585
Pop/Rock,1950,Easy Listening,5,779,0.006418485237483954
Pop/Rock,1950,Folk,15,779,0.019255455712451863
Pop/Rock,1950,International,9,779,0.011553273427471117
Pop/Rock,1950,Jazz,31,779,0.03979460847240052
Pop/Rock,1950,Latin,3,779,0.0038510911424903724
Pop/Rock,1950,Pop/Rock,305,779,0.39152759948652116
Pop/Rock,1950,R&B;,150,779,0.1925545571245186
Pop/Rock,1950,Reggae,2,779,0.0025673940949935813
Pop/Rock,1950,Stage & Screen,4,779,0.005134788189987163
Pop/Rock,1950,Vocal,80,779,0.10269576379974327
Pop/Rock,1960,Avant-Garde,15,4586,0.0032708242477104232
Pop/Rock,1960,Blues,457,4586,0.09965111208024423
Pop/Rock,1960,Classical,20,4586,0.00436109899694723
Pop/Rock,1960,Comedy/Spoken,7,4586,0.0015263846489315307
Pop/Rock,1960,Country,273,4586,0.0595290013083297
Pop/Rock,1960,Easy Listening,13,4586,0.0028347143480157
Pop/Rock,1960,Electronic,6,4586,0.0013083296990841692
Pop/Rock,1960,Folk,253,4586,0.055167902311382466
Pop/Rock,1960,International,20,4586,0.00436109899694723
Pop/Rock,1960,Jazz,172,4586,0.03750545137374618
Pop/Rock,1960,Latin,11,4586,0.002398604448320977
Pop/Rock,1960,Pop/Rock,2588,4586,0.5643262102049716
Pop/Rock,1960,R&B;,562,4586,0.12254688181421718
Pop/Rock,1960,Reggae,9,4586,0.0019624945486262538
Pop/Rock,1960,Religious,1,4586,0.00021805494984736154
Pop/Rock,1960,Stage & Screen,10,4586,0.002180549498473615
Pop/Rock,1960,Vocal,169,4586,0.0368512865242041
Pop/Rock,1970,Avant-Garde,24,8958,0.0026791694574681848
Pop/Rock,1970,Blues,584,8958,0.06519312346505916
Pop/Rock,1970,Classical,27,8958,0.003014065639651708
Pop/Rock,1970,Comedy/Spoken,13,8958,0.0014512167894619335
Pop/Rock,1970,Country,335,8958,0.03739674034382675
Pop/Rock,1970,Easy Listening,17,8958,0.0018977450323732976
Pop/Rock,1970,Electronic,59,8958,0.0065862915829426215
Pop/Rock,1970,Folk,313,8958,0.034940835007814246
Pop/Rock,1970,International,42,8958,0.004688546550569324
Pop/Rock,1970,Jazz,261,8958,0.02913596784996651
Pop/Rock,1970,Latin,36,8958,0.004018754186202277
Pop/Rock,1970,New Age,5,8958,0.0005581603036392052
Pop/Rock,1970,Pop/Rock,6066,8958,0.6771600803750837
Pop/Rock,1970,R&B;,806,8958,0.08997544094663988
Pop/Rock,1970,Reggae,109,8958,0.012167894619334672
Pop/Rock,1970,Religious,5,8958,0.0005581603036392052
Pop/Rock,1970,Stage & Screen,20,8958,0.0022326412145568207
Pop/Rock,1970,Vocal,236,8958,0.026345166331770486
Pop/Rock,1980,Avant-Garde,29,15378,0.001885810898686435
Pop/Rock,1980,Blues,611,15378,0.03973208479646248
Pop/Rock,1980,Classical,30,15378,0.0019508388607101053
Pop/Rock,1980,Comedy/Spoken,23,15378,0.0014956431265444141
Pop/Rock,1980,Country,436,15378,0.028352191442320197
Pop/Rock,1980,Easy Listening,20,15378,0.0013005592404734035
Pop/Rock,1980,Electronic,122,15378,0.007933411366887761
Pop/Rock,1980,Folk,398,15378,0.02588112888542073
Pop/Rock,1980,International,65,15378,0.004226817531538561
Pop/Rock,1980,Jazz,327,15378,0.02126414358174015
Pop/Rock,1980,Latin,46,15378,0.0029912862530888282
Pop/Rock,1980,New Age,9,15378,0.0005852516582130316
Pop/Rock,1980,Pop/Rock,11683,15378,0.7597216803225387
Pop/Rock,1980,R&B;,1120,15378,0.0728313174665106
Pop/Rock,1980,Reggae,137,15378,0.008908830797242815
Pop/Rock,1980,Religious,9,15378,0.0005852516582130316
Pop/Rock,1980,Stage & Screen,35,15378,0.0022759786708284563
Pop/Rock,1980,Vocal,278,15378,0.01807777344258031
Pop/Rock,1990,Avant-Garde,35,22763,0.0015375829196503097
Pop/Rock,1990,Blues,670,22763,0.029433730176163072
Pop/Rock,1990,Children's,1,22763,4.393094056143742e-05
Pop/Rock,1990,Classical,38,22763,0.001669375741334622
Pop/Rock,1990,Comedy/Spoken,32,22763,0.0014057900979659974
Pop/Rock,1990,Country,568,22763,0.024952774238896455
Pop/Rock,1990,Easy Listening,29,22763,0.0012739972762816853
Pop/Rock,1990,Electronic,185,22763,0.008127224003865922
Pop/Rock,1990,Folk,481,22763,0.0211307824100514
Pop/Rock,1990,International,97,22763,0.00426130123445943
Pop/Rock,1990,Jazz,385,22763,0.016913412116153406
Pop/Rock,1990,Latin,75,22763,0.0032948205421078065
Pop/Rock,1990,New Age,12,22763,0.0005271712867372491
Pop/Rock,1990,Pop/Rock,18231,22763,0.8009049773755657
Pop/Rock,1990,R&B;,1368,22763,0.06009752668804639
Pop/Rock,1990,Reggae,160,22763,0.007028950489829987
Pop/Rock,1990,Religious,27,22763,0.0011861353951588105
Pop/Rock,1990,Stage & Screen,49,22763,0.002152616087510434
Pop/Rock,1990,Vocal,320,22763,0.014057900979659975
Pop/Rock,2000,Avant-Garde,42,26788,0.0015678662087501866
Pop/Rock,2000,Blues,687,26788,0.02564581155741377
Pop/Rock,2000,Classical,42,26788,0.0015678662087501866
Pop/Rock,2000,Comedy/Spoken,33,26788,0.001231894878303718
Pop/Rock,2000,Country,637,26788,0.0237793041660445
Pop/Rock,2000,Easy Listening,31,26788,0.0011572345826489474
Pop/Rock,2000,Electronic,288,26788,0.010751082574286995
Pop/Rock,2000,Folk,552,26788,0.020606241600716738
Pop/Rock,2000,International,111,26788,0.004143646408839779
Pop/Rock,2000,Jazz,407,26788,0.015193370165745856
Pop/Rock,2000,Latin,93,26788,0.003471703747946842
Pop/Rock,2000,New Age,18,26788,0.0006719426608929372
Pop/Rock,2000,Pop/Rock,21660,26788,0.8085710019411677
Pop/Rock,2000,R&B;,1560,26788,0.05823503061072122
Pop/Rock,2000,Reggae,164,26788,0.006122144243691205
Pop/Rock,2000,Religious,37,26788,0.0013812154696132596
Pop/Rock,2000,Stage & Screen,50,26788,0.0018665073913692698
Pop/Rock,2000,Vocal,375,26788,0.013998805435269523
Pop/Rock,2010,Blues,689,27285,0.025251969946857248
Pop/Rock,2010,Classical,43,27285,0.0015759574857980576
Pop/Rock,2010,Country,641,27285,0.023492761590617556
Pop/Rock,2010,Electronic,297,27285,0.010885101704233095
Pop/Rock,2010,Folk,553,27285,0.020267546270844785
Pop/Rock,2010,International,116,27285,0.004251420194245923
Pop/Rock,2010,Jazz,409,27285,0.01498992120212571
Pop/Rock,2010,Latin,103,27285,0.0037749679310976727
Pop/Rock,2010,Pop/Rock,22049,27285,0.8080996884735202
Pop/Rock,2010,R&B;,1625,27285,0.059556532893531244
Pop/Rock,2010,Reggae,166,27285,0.0060839288986622685
Pop/Rock,2010,Stage & Screen,51,27285,0.001869158878504673
Pop/Rock,2010,Vocal,381,27285,0.013963716327652557
R&B;,1930,Blues,5,7,0.7142857142857143
R&B;,1930,Jazz,1,7,0.14285714285714285
R&B;,1930,R&B;,1,7,0.14285714285714285
R&B;,1940,Blues,14,65,0.2153846153846154
R&B;,1940,Country,1,65,0.015384615384615385
R&B;,1940,Jazz,17,65,0.26153846153846155
R&B;,1940,R&B;,16,65,0.24615384615384617
R&B;,1940,Religious,1,65,0.015384615384615385
R&B;,1940,Vocal,16,65,0.24615384615384617
R&B;,1950,Blues,49,591,0.0829103214890017
R&B;,1950,Electronic,1,591,0.001692047377326565
R&B;,1950,Jazz,53,591,0.08967851099830795
R&B;,1950,Pop/Rock,33,591,0.05583756345177665
R&B;,1950,R&B;,337,591,0.5702199661590525
R&B;,1950,Religious,14,591,0.023688663282571912
R&B;,1950,Vocal,103,591,0.17428087986463622
R&B;,1960,Blues,98,1450,0.06758620689655172
R&B;,1960,Comedy/Spoken,2,1450,0.001379310344827586
R&B;,1960,Country,4,1450,0.002758620689655172
R&B;,1960,Folk,7,1450,0.004827586206896552
R&B;,1960,International,2,1450,0.001379310344827586
R&B;,1960,Jazz,104,1450,0.07172413793103448
R&B;,1960,Latin,1,1450,0.000689655172413793
R&B;,1960,Pop/Rock,98,1450,0.06758620689655172
R&B;,1960,R&B;,956,1450,0.6593103448275862
R&B;,1960,Religious,21,1450,0.014482758620689656
R&B;,1960,Vocal,156,1450,0.10758620689655173
R&B;,1970,Blues,111,2062,0.053831231813773035
R&B;,1970,Electronic,2,2062,0.0009699321047526673
R&B;,1970,Jazz,135,2062,0.06547041707080505
R&B;,1970,Latin,5,2062,0.0024248302618816685
R&B;,1970,Pop/Rock,139,2062,0.06741028128031037
R&B;,1970,R&B;,1448,2062,0.7022308438409312
R&B;,1970,Reggae,4,2062,0.0019398642095053346
R&B;,1970,Vocal,182,2062,0.08826382153249272
R&B;,1980,Country,5,2574,0.0019425019425019425
R&B;,1980,Jazz,145,2574,0.056332556332556336
R&B;,1980,Latin,6,2574,0.002331002331002331
R&B;,1980,Pop/Rock,162,2574,0.06293706293706294
R&B;,1980,R&B;,1908,2574,0.7412587412587412
R&B;,1980,Reggae,5,2574,0.0019425019425019425
R&B;,1980,Religious,24,2574,0.009324009324009324
R&B;,1980,Vocal,195,2574,0.07575757575757576
R&B;,1990,Blues,112,3554,0.031513787281935844
R&B;,1990,Comedy/Spoken,4,3554,0.0011254924029262803
R&B;,1990,Country,6,3554,0.0016882386043894203
R&B;,1990,Electronic,4,3554,0.0011254924029262803
R&B;,1990,International,6,3554,0.0016882386043894203
R&B;,1990,Jazz,157,3554,0.0441755768148565
R&B;,1990,Latin,7,3554,0.0019696117051209903
R&B;,1990,Pop/Rock,220,3554,0.061902082160945414
R&B;,1990,R&B;,2774,3554,0.7805289814293753
R&B;,1990,Reggae,6,3554,0.0016882386043894203
R&B;,1990,Religious,35,3554,0.009848058525604952
R&B;,1990,Vocal,216,3554,0.06077658975801913
R&B;,2000,Blues,116,4144,0.027992277992277992
R&B;,2000,Country,7,4144,0.0016891891891891893
R&B;,2000,Electronic,9,4144,0.002171814671814672
R&B;,2000,International,12,4144,0.0028957528957528956
R&B;,2000,Jazz,175,4144,0.04222972972972973
R&B;,2000,Latin,8,4144,0.0019305019305019305
R&B;,2000,Pop/Rock,276,4144,0.06660231660231661
R&B;,2000,R&B;,3255,4144,0.785472972972973
R&B;,2000,Religious,40,4144,0.009652509652509652
R&B;,2000,Vocal,229,4144,0.05526061776061776
R&B;,2010,Blues,118,4293,0.027486606102958305
R&B;,2010,Electronic,12,4293,0.002795248078266946
R&B;,2010,Folk,8,4293,0.0018634987188446308
R&B;,2010,Jazz,176,4293,0.040996971814581874
R&B;,2010,Pop/Rock,284,4293,0.06615420451898439
R&B;,2010,R&B;,3384,4293,0.7882599580712788
R&B;,2010,Reggae,9,4293,0.0020964360587002098
R&B;,2010,Vocal,231,4293,0.05380852550663871
Reggae,1950,Jazz,1,5,0.2
Reggae,1950,R&B;,3,5,0.6
Reggae,1950,Reggae,1,5,0.2
Reggae,1960,Blues,3,165,0.01818181818181818
Reggae,1960,Comedy/Spoken,1,165,0.006060606060606061
Reggae,1960,Country,1,165,0.006060606060606061
Reggae,1960,International,6,165,0.03636363636363636
Reggae,1960,Jazz,11,165,0.06666666666666667
Reggae,1960,Pop/Rock,2,165,0.012121212121212121
Reggae,1960,R&B;,74,165,0.4484848484848485
Reggae,1960,Reggae,64,165,0.3878787878787879
Reggae,1960,Vocal,3,165,0.01818181818181818
Reggae,1970,Pop/Rock,5,435,0.011494252873563218
Reggae,1970,R&B;,96,435,0.2206896551724138
Reggae,1970,Reggae,307,435,0.7057471264367816
Reggae,1970,Vocal,5,435,0.011494252873563218
Reggae,1980,International,9,547,0.016453382084095063
Reggae,1980,Pop/Rock,7,547,0.012797074954296161
Reggae,1980,R&B;,103,547,0.1882998171846435
Reggae,1980,Reggae,407,547,0.7440585009140768
Reggae,1990,International,11,710,0.015492957746478873
Reggae,1990,Pop/Rock,21,710,0.029577464788732393
Reggae,1990,R&B;,104,710,0.14647887323943662
Reggae,1990,Reggae,553,710,0.7788732394366197
Reggae,2000,Pop/Rock,24,744,0.03225806451612903
Reggae,2000,Reggae,584,744,0.7849462365591398
Religious,1930,Blues,1,3,0.3333333333333333
Religious,1930,Jazz,1,3,0.3333333333333333
Religious,1930,Vocal,1,3,0.3333333333333333
Religious,1950,R&B;,1,6,0.16666666666666666
Religious,1950,Religious,2,6,0.3333333333333333
Religious,1960,Pop/Rock,9,26,0.34615384615384615
Religious,1960,R&B;,4,26,0.15384615384615385
Religious,1960,Religious,10,26,0.38461538461538464
Religious,1970,Country,3,68,0.04411764705882353
Religious,1970,Folk,5,68,0.07352941176470588
Religious,1970,International,1,68,0.014705882352941176
Religious,1970,Pop/Rock,28,68,0.4117647058823529
Religious,1970,Religious,20,68,0.29411764705882354
Religious,1970,Vocal,5,68,0.07352941176470588
Religious,1980,Folk,6,163,0.03680981595092025
Religious,1980,Jazz,2,163,0.012269938650306749
Religious,1980,Pop/Rock,41,163,0.25153374233128833
Religious,1980,R&B;,32,163,0.19631901840490798
Religious,1980,Religious,70,163,0.4294478527607362
Religious,1980,Vocal,7,163,0.04294478527607362
Religious,1990,Country,4,284,0.014084507042253521
Religious,1990,Latin,1,284,0.0035211267605633804
Religious,1990,Pop/Rock,67,284,0.23591549295774647
Religious,1990,R&B;,57,284,0.2007042253521127
Religious,1990,Religious,137,284,0.4823943661971831
Religious,1990,Vocal,8,284,0.028169014084507043
Religious,2000,Country,5,336,0.01488095238095238
Religious,2000,Folk,7,336,0.020833333333333332
Religious,2000,Pop/Rock,82,336,0.24404761904761904
Religious,2000,R&B;,73,336,0.21726190476190477
Religious,2000,Religious,155,336,0.46130952380952384
Religious,2000,Vocal,9,336,0.026785714285714284
Religious,2010,Country,6,339,0.017699115044247787
Religious,2010,Pop/Rock,83,339,0.2448377581120944
Religious,2010,R&B;,74,339,0.2182890855457227
Stage & Screen,1940,Stage & Screen,1,2,0.5
Stage & Screen,1940,Vocal,1,2,0.5
Stage & Screen,1950,Classical,2,44,0.045454545454545456
Stage & Screen,1950,Easy Listening,2,44,0.045454545454545456
Stage & Screen,1950,Jazz,5,44,0.11363636363636363
Stage & Screen,1950,Pop/Rock,2,44,0.045454545454545456
Stage & Screen,1950,Stage & Screen,27,44,0.6136363636363636
Stage & Screen,1950,Vocal,6,44,0.13636363636363635
Stage & Screen,1960,Classical,3,58,0.05172413793103448
Stage & Screen,1960,Easy Listening,3,58,0.05172413793103448
Stage & Screen,1960,Jazz,7,58,0.1206896551724138
Stage & Screen,1960,Pop/Rock,4,58,0.06896551724137931
Stage & Screen,1960,Stage & Screen,35,58,0.603448275862069
Stage & Screen,1970,Classical,5,102,0.049019607843137254
Stage & Screen,1970,Comedy/Spoken,1,102,0.00980392156862745
Stage & Screen,1970,Easy Listening,5,102,0.049019607843137254
Stage & Screen,1970,Jazz,11,102,0.10784313725490197
Stage & Screen,1970,New Age,2,102,0.0196078431372549
Stage & Screen,1970,Pop/Rock,7,102,0.06862745098039216
Stage & Screen,1970,Stage & Screen,65,102,0.6372549019607843
Stage & Screen,1980,Avant-Garde,1,113,0.008849557522123894
Stage & Screen,1980,Electronic,1,113,0.008849557522123894
Stage & Screen,1980,Jazz,13,113,0.11504424778761062
Stage & Screen,1980,Latin,1,113,0.008849557522123894
Stage & Screen,1980,Stage & Screen,70,113,0.6194690265486725
Stage & Screen,1980,Vocal,7,113,0.061946902654867256
Stage & Screen,1990,Jazz,14,120,0.11666666666666667
Stage & Screen,1990,Pop/Rock,8,120,0.06666666666666667
Stage & Screen,1990,Stage & Screen,74,120,0.6166666666666667
Stage & Screen,1990,Vocal,8,120,0.06666666666666667
Stage & Screen,2000,Pop/Rock,10,128,0.078125
Stage & Screen,2000,Stage & Screen,80,128,0.625
Vocal,1930,Blues,1,64,0.015625
Vocal,1930,Comedy/Spoken,2,64,0.03125
Vocal,1930,International,1,64,0.015625
Vocal,1930,Jazz,12,64,0.1875
Vocal,1930,R&B;,1,64,0.015625
Vocal,1930,Religious,1,64,0.015625
Vocal,1930,Stage & Screen,2,64,0.03125
Vocal,1930,Vocal,44,64,0.6875
Vocal,1940,Country,1,224,0.004464285714285714
Vocal,1940,Folk,1,224,0.004464285714285714
Vocal,1940,International,3,224,0.013392857142857142
Vocal,1940,Jazz,34,224,0.15178571428571427
Vocal,1940,Pop/Rock,3,224,0.013392857142857142
Vocal,1940,R&B;,2,224,0.008928571428571428
Vocal,1940,Reggae,1,224,0.004464285714285714
Vocal,1940,Stage & Screen,6,224,0.026785714285714284
Vocal,1940,Vocal,169,224,0.7544642857142857
Vocal,1950,Country,3,428,0.007009345794392523
Vocal,1950,Easy Listening,1,428,0.002336448598130841
Vocal,1950,Folk,2,428,0.004672897196261682
Vocal,1950,International,5,428,0.011682242990654205
Vocal,1950,Jazz,60,428,0.14018691588785046
Vocal,1950,Pop/Rock,13,428,0.030373831775700934
Vocal,1950,R&B;,4,428,0.009345794392523364
Vocal,1950,Religious,2,428,0.004672897196261682
Vocal,1950,Stage & Screen,10,428,0.02336448598130841
Vocal,1950,Vocal,324,428,0.7570093457943925
Vocal,1960,Country,4,497,0.008048289738430584
Vocal,1960,Easy Listening,3,497,0.006036217303822937
Vocal,1960,International,6,497,0.012072434607645875
Vocal,1960,Jazz,67,497,0.13480885311871227
Vocal,1960,Latin,3,497,0.006036217303822937
Vocal,1960,Pop/Rock,26,497,0.052313883299798795
Vocal,1960,R&B;,11,497,0.022132796780684104
Vocal,1960,Stage & Screen,11,497,0.022132796780684104
Vocal,1960,Vocal,358,497,0.7203219315895373
Vocal,1970,Blues,4,643,0.006220839813374806
Vocal,1970,Classical,4,643,0.006220839813374806
Vocal,1970,Easy Listening,4,643,0.006220839813374806
Vocal,1970,International,8,643,0.012441679626749611
Vocal,1970,Jazz,86,643,0.13374805598755832
Vocal,1970,Latin,7,643,0.01088646967340591
Vocal,1970,New Age,1,643,0.0015552099533437014
Vocal,1970,Pop/Rock,42,643,0.06531881804043546
Vocal,1970,R&B;,30,643,0.04665629860031104
Vocal,1970,Stage & Screen,14,643,0.02177293934681182
Vocal,1970,Vocal,432,643,0.671850699844479
Vocal,1980,Blues,5,685,0.0072992700729927005
Vocal,1980,Country,6,685,0.008759124087591242
Vocal,1980,International,10,685,0.014598540145985401
Vocal,1980,Jazz,88,685,0.12846715328467154
Vocal,1980,Pop/Rock,45,685,0.06569343065693431
Vocal,1980,R&B;,36,685,0.052554744525547446
Vocal,1980,Stage & Screen,16,685,0.02335766423357664
Vocal,1980,Vocal,456,685,0.6656934306569343
Vocal,1990,Classical,6,780,0.007692307692307693
Vocal,1990,Comedy/Spoken,3,780,0.0038461538461538464
Vocal,1990,Country,7,780,0.008974358974358974
Vocal,1990,Folk,3,780,0.0038461538461538464
Vocal,1990,Jazz,100,780,0.1282051282051282
Vocal,1990,New Age,2,780,0.002564102564102564
Vocal,1990,Pop/Rock,62,780,0.07948717948717948
Vocal,1990,R&B;,37,780,0.047435897435897434
Vocal,1990,Religious,4,780,0.005128205128205128
Vocal,1990,Stage & Screen,20,780,0.02564102564102564
Vocal,1990,Vocal,509,780,0.6525641025641026
Vocal,2000,Classical,10,836,0.011961722488038277
Vocal,2000,Jazz,105,836,0.1255980861244019
Vocal,2000,Latin,8,836,0.009569377990430622
Vocal,2000,New Age,3,836,0.0035885167464114833
Vocal,2000,Pop/Rock,75,836,0.08971291866028708
Vocal,2000,R&B;,38,836,0.045454545454545456
Vocal,2000,Stage & Screen,23,836,0.02751196172248804
Vocal,2000,Vocal,537,836,0.6423444976076556
